concept:name_1,lifecycle:transition_1,org:resource_1,Activity_1,Resource_1,Work_Order_Qty_1,Part_Desc__1,Worker_ID_1,Report_Type_1,Qty_Completed_1,Qty_Rejected_1,Qty_for_MRB_1,concept:name_2,lifecycle:transition_2,org:resource_2,Activity_2,Resource_2,Work_Order_Qty_2,Part_Desc__2,Worker_ID_2,Report_Type_2,Qty_Completed_2,Qty_Rejected_2,Qty_for_MRB_2,concept:name_3,lifecycle:transition_3,org:resource_3,Activity_3,Resource_3,Work_Order_Qty_3,Part_Desc__3,Worker_ID_3,Report_Type_3,Qty_Completed_3,Qty_Rejected_3,Qty_for_MRB_3,concept:name_4,lifecycle:transition_4,org:resource_4,Activity_4,Resource_4,Work_Order_Qty_4,Part_Desc__4,Worker_ID_4,Report_Type_4,Qty_Completed_4,Qty_Rejected_4,Qty_for_MRB_4,concept:name_5,lifecycle:transition_5,org:resource_5,Activity_5,Resource_5,Work_Order_Qty_5,Part_Desc__5,Worker_ID_5,Report_Type_5,Qty_Completed_5,Qty_Rejected_5,Qty_for_MRB_5,concept:name_6,lifecycle:transition_6,org:resource_6,Activity_6,Resource_6,Work_Order_Qty_6,Part_Desc__6,Worker_ID_6,Report_Type_6,Qty_Completed_6,Qty_Rejected_6,Qty_for_MRB_6,concept:name_7,lifecycle:transition_7,org:resource_7,Activity_7,Resource_7,Work_Order_Qty_7,Part_Desc__7,Worker_ID_7,Report_Type_7,Qty_Completed_7,Qty_Rejected_7,Qty_for_MRB_7,concept:name_8,lifecycle:transition_8,org:resource_8,Activity_8,Resource_8,Work_Order_Qty_8,Part_Desc__8,Worker_ID_8,Report_Type_8,Qty_Completed_8,Qty_Rejected_8,Qty_for_MRB_8,concept:name_9,lifecycle:transition_9,org:resource_9,Activity_9,Resource_9,Work_Order_Qty_9,Part_Desc__9,Worker_ID_9,Report_Type_9,Qty_Completed_9,Qty_Rejected_9,Qty_for_MRB_9,concept:name_10,lifecycle:transition_10,org:resource_10,Activity_10,Resource_10,Work_Order_Qty_10,Part_Desc__10,Worker_ID_10,Report_Type_10,Qty_Completed_10,Qty_Rejected_10,Qty_for_MRB_10,concept:name_11,lifecycle:transition_11,org:resource_11,Activity_11,Resource_11,Work_Order_Qty_11,Part_Desc__11,Worker_ID_11,Report_Type_11,Qty_Completed_11,Qty_Rejected_11,Qty_for_MRB_11,concept:name_12,lifecycle:transition_12,org:resource_12,Activity_12,Resource_12,Work_Order_Qty_12,Part_Desc__12,Worker_ID_12,Report_Type_12,Qty_Completed_12,Qty_Rejected_12,Qty_for_MRB_12,concept:name_13,lifecycle:transition_13,org:resource_13,Activity_13,Resource_13,Work_Order_Qty_13,Part_Desc__13,Worker_ID_13,Report_Type_13,Qty_Completed_13,Qty_Rejected_13,Qty_for_MRB_13,remainingTime,prediction
9,1,8,9,10,4,5,8,11,12,7,7,9,13,8,9,10,4,5,8,11,12,7,7,9,1,8,9,10,4,5,8,6,12,7,7,9,13,8,9,10,4,5,8,6,12,7,7,9,1,14,9,10,4,5,14,11,7,7,7,9,13,14,9,10,4,5,14,11,7,7,7,9,1,14,9,10,4,5,14,6,15,7,7,9,13,14,9,10,4,5,14,6,15,7,7,17,1,16,17,18,4,5,16,6,19,12,7,17,13,16,17,18,4,5,16,6,19,12,7,21,1,20,21,22,4,5,20,6,19,7,7,21,13,20,21,22,4,5,20,6,19,7,7,0,1,2,0,3,4,5,2,6,7,7,7,262800.0,429055.2
23,1,28,23,25,26,27,28,11,12,7,7,30,1,29,30,18,26,27,29,6,7,7,7,23,13,28,23,25,26,27,28,11,12,7,7,30,13,29,30,18,26,27,29,6,7,7,7,23,1,24,23,25,26,27,24,11,7,7,7,23,13,24,23,25,26,27,24,11,7,7,7,23,1,24,23,25,26,27,24,6,31,7,7,23,13,24,23,25,26,27,24,6,31,7,7,23,1,32,23,25,26,27,32,6,33,7,7,23,13,32,23,25,26,27,32,6,33,7,7,23,1,28,23,25,26,27,28,6,34,7,7,23,13,28,23,25,26,27,28,6,34,7,7,23,1,24,23,25,26,27,24,11,12,7,7,1326420.0,1079731.2
48,1,39,48,41,46,47,39,11,7,7,7,48,13,39,48,41,46,47,39,11,7,7,7,40,1,39,40,41,46,47,39,11,7,7,7,40,13,39,40,41,46,47,39,11,7,7,7,40,1,39,40,41,46,47,39,49,7,7,7,40,13,39,40,41,46,47,39,49,7,7,7,40,1,39,40,41,46,47,39,6,42,7,7,40,13,39,40,41,46,47,39,6,42,7,7,40,1,32,40,41,46,47,32,6,31,7,7,40,13,32,40,41,46,47,32,6,31,7,7,40,1,45,40,41,46,47,45,6,50,7,7,40,13,45,40,41,46,47,45,6,50,7,7,40,1,45,40,41,46,47,45,11,7,7,7,1012260.0,955389.6
40,1,39,40,41,51,27,39,11,7,7,7,40,13,39,40,41,51,27,39,11,7,7,7,40,1,39,40,41,51,27,39,11,7,7,7,40,13,39,40,41,51,27,39,11,7,7,7,40,1,45,40,41,51,27,45,11,7,7,7,40,13,45,40,41,51,27,45,11,7,7,7,40,1,45,40,41,51,27,45,11,7,7,7,17,1,52,17,18,51,27,52,6,7,7,7,17,13,52,17,18,51,27,52,6,7,7,7,40,13,45,40,41,51,27,45,11,7,7,7,40,1,45,40,41,51,27,45,6,50,7,7,40,13,45,40,41,51,27,45,6,50,7,7,40,1,39,40,41,51,27,39,6,19,7,7,1222320.0,1118686.8
40,1,45,40,41,58,38,45,11,7,7,7,40,13,45,40,41,58,38,45,11,7,7,7,40,1,39,40,41,58,38,39,6,58,7,7,40,13,39,40,41,58,38,39,6,58,7,7,17,1,29,17,18,58,38,29,6,58,7,7,17,13,29,17,18,58,38,29,6,58,7,7,21,1,20,21,22,58,38,20,6,58,7,7,21,13,20,21,22,58,38,20,6,58,7,7,35,1,2,35,36,58,38,2,6,58,7,7,35,13,2,35,36,58,38,2,6,58,7,7,59,1,29,59,18,58,38,29,6,7,7,7,59,13,29,59,18,58,38,29,6,7,7,7,56,1,57,56,56,58,38,57,6,58,7,7,47100.0,106929.6
9,1,32,9,10,61,62,32,11,12,7,7,9,13,32,9,10,61,62,32,11,12,7,7,9,1,43,9,10,61,62,43,11,12,7,7,17,1,52,17,18,61,62,52,6,7,7,7,17,13,52,17,18,61,62,52,6,7,7,7,9,13,43,9,10,61,62,43,11,12,7,7,9,1,43,9,10,61,62,43,6,63,7,7,9,13,43,9,10,61,62,43,6,63,7,7,17,1,52,17,18,61,62,52,6,55,12,7,17,13,52,17,18,61,62,52,6,55,12,7,21,1,20,21,22,61,62,20,6,55,7,7,21,13,20,21,22,61,62,20,6,55,7,7,35,1,60,35,36,61,62,60,6,7,7,7,811620.0,651620.4
9,1,8,9,10,64,65,8,11,7,7,7,9,1,14,9,10,64,65,14,11,66,7,7,9,13,8,9,10,64,65,8,11,7,7,7,9,13,14,9,10,64,65,14,11,66,7,7,17,1,29,17,18,64,65,29,6,67,7,7,9,1,43,9,10,64,65,43,11,12,7,7,9,13,43,9,10,64,65,43,11,12,7,7,9,1,43,9,10,64,65,43,6,68,7,7,17,13,29,17,18,64,65,29,6,67,7,7,9,13,43,9,10,64,65,43,6,68,7,7,9,1,8,9,10,64,65,8,6,69,7,7,17,1,29,17,18,64,65,29,6,7,7,7,17,13,29,17,18,64,65,29,6,7,7,7,1701540.0,1341164.4
70,1,24,70,72,73,27,24,11,7,7,7,70,13,24,70,72,73,27,24,11,7,7,7,70,1,71,70,72,73,27,71,6,12,7,7,17,1,52,17,18,73,27,52,6,7,7,7,70,13,71,70,72,73,27,71,6,12,7,7,70,1,71,70,72,73,27,71,6,31,7,7,17,13,52,17,18,73,27,52,6,7,7,7,70,13,71,70,72,73,27,71,6,31,7,7,70,1,24,70,72,73,27,24,6,37,7,7,70,13,24,70,72,73,27,24,6,37,7,7,70,1,8,70,72,73,27,8,6,74,7,7,70,13,8,70,72,73,27,8,6,74,7,7,70,1,71,70,72,73,27,71,6,42,7,7,703500.0,682078.8
23,1,71,23,25,87,38,71,11,7,7,7,23,13,71,23,25,87,38,71,11,7,7,7,23,1,28,23,25,87,38,28,11,12,7,7,23,13,28,23,25,87,38,28,11,12,7,7,23,1,24,23,25,87,38,24,11,50,7,7,23,13,24,23,25,87,38,24,11,50,7,7,17,1,52,17,18,87,38,52,6,7,50,7,23,1,28,23,25,87,38,28,49,7,7,7,17,13,52,17,18,87,38,52,6,7,50,7,23,13,28,23,25,87,38,28,49,7,7,7,23,1,28,23,25,87,38,28,11,50,7,7,23,13,28,23,25,87,38,28,11,50,7,7,23,1,24,23,25,87,38,24,6,50,7,7,1272240.0,1146757.2
75,1,32,75,76,88,38,32,11,12,7,7,75,13,32,75,76,88,38,32,11,12,7,7,17,1,29,17,18,88,38,29,6,7,7,7,75,1,89,75,76,88,38,89,11,7,7,7,75,13,89,75,76,88,38,89,11,7,7,7,17,13,29,17,18,88,38,29,6,7,7,7,75,1,32,75,76,88,38,32,6,74,7,7,75,13,32,75,76,88,38,32,6,74,7,7,17,1,29,17,18,88,38,29,6,74,7,7,17,13,29,17,18,88,38,29,6,74,7,7,17,1,29,17,18,88,38,29,6,7,12,7,17,13,29,17,18,88,38,29,6,7,12,7,17,1,29,17,18,88,38,29,6,7,7,7,480.0,169288.8
93,1,60,93,94,95,96,60,11,7,7,7,93,13,60,93,94,95,96,60,11,7,7,7,93,1,60,93,94,95,96,60,6,97,7,7,93,13,60,93,94,95,96,60,6,97,7,7,93,1,98,93,94,95,96,98,6,46,7,7,93,13,98,93,94,95,96,98,6,46,7,7,56,1,57,56,56,95,96,57,6,99,7,7,56,13,57,56,56,95,96,57,6,99,7,7,93,1,60,93,94,95,96,60,6,66,7,7,59,1,16,59,18,95,96,16,6,99,7,7,59,13,16,59,18,95,96,16,6,99,7,7,93,13,60,93,94,95,96,60,6,66,7,7,93,1,60,93,94,95,96,60,6,79,7,7,514440.0,423894.0
70,1,24,70,72,100,101,24,11,7,7,7,70,13,24,70,72,100,101,24,11,7,7,7,70,1,24,70,72,100,101,24,11,7,7,7,70,13,24,70,72,100,101,24,11,7,7,7,70,1,24,70,72,100,101,24,11,12,7,7,70,13,24,70,72,100,101,24,11,12,7,7,70,1,71,70,72,100,101,71,6,66,7,7,70,13,71,70,72,100,101,71,6,66,7,7,70,1,24,70,72,100,101,24,6,42,7,7,70,13,24,70,72,100,101,24,6,42,7,7,70,1,24,70,72,100,101,24,6,102,7,7,70,13,24,70,72,100,101,24,6,102,7,7,70,1,24,70,72,100,101,24,6,102,7,7,205260.0,381340.8
103,1,71,103,25,104,27,71,11,7,7,7,103,13,71,103,25,104,27,71,11,7,7,7,103,1,24,103,25,104,27,24,11,12,7,7,103,13,24,103,25,104,27,24,11,12,7,7,30,1,29,30,18,104,27,29,6,7,7,7,30,13,29,30,18,104,27,29,6,7,7,7,103,1,24,103,25,104,27,24,6,42,7,7,103,13,24,103,25,104,27,24,6,42,7,7,103,1,71,103,25,104,27,71,6,55,7,7,103,13,71,103,25,104,27,71,6,55,7,7,103,1,28,103,25,104,27,28,6,61,7,7,103,13,28,103,25,104,27,28,6,61,7,7,103,1,71,103,25,104,27,71,6,63,7,7,1612440.0,1243773.6
108,1,43,108,109,107,5,43,11,34,7,7,108,13,43,108,109,107,5,43,11,34,7,7,108,1,85,108,109,107,5,85,11,12,7,7,108,13,85,108,109,107,5,85,11,12,7,7,108,1,32,108,109,107,5,32,49,7,7,7,108,13,32,108,109,107,5,32,49,7,7,7,17,1,80,17,18,107,5,80,6,34,12,7,17,13,80,17,18,107,5,80,6,34,12,7,21,1,20,21,22,107,5,20,6,34,7,7,21,13,20,21,22,107,5,20,6,34,7,7,0,1,20,0,3,107,5,20,6,34,7,7,0,13,20,0,3,107,5,20,6,34,7,7,105,1,98,105,106,107,5,98,11,7,7,7,94260.0,227539.2
108,1,43,108,109,91,110,43,11,12,7,7,108,13,43,108,109,91,110,43,11,12,7,7,108,1,43,108,109,91,110,43,6,44,7,7,30,1,111,30,18,91,110,111,6,91,7,7,30,13,111,30,18,91,110,111,6,91,7,7,108,13,43,108,109,91,110,43,6,44,7,7,108,1,85,108,109,91,110,85,11,7,7,7,30,1,80,30,18,91,110,80,6,44,7,7,30,13,80,30,18,91,110,80,6,44,7,7,108,13,85,108,109,91,110,85,11,7,7,7,9,1,43,9,10,91,110,43,11,7,7,7,9,1,45,9,10,91,110,45,11,7,7,7,9,13,45,9,10,91,110,45,11,7,7,7,1211340.0,1059384.0
108,1,85,108,109,91,110,85,11,12,7,7,108,13,85,108,109,91,110,85,11,12,7,7,108,1,85,108,109,91,110,85,6,44,7,7,108,13,85,108,109,91,110,85,6,44,7,7,108,1,85,108,109,91,110,85,11,12,7,7,108,13,85,108,109,91,110,85,11,12,7,7,108,1,85,108,109,91,110,85,6,44,7,7,17,1,16,17,18,91,110,16,6,7,7,7,17,13,16,17,18,91,110,16,6,7,7,7,108,13,85,108,109,91,110,85,6,44,7,7,17,1,80,17,18,91,110,80,6,91,7,7,17,13,80,17,18,91,110,80,6,91,7,7,21,1,20,21,22,91,110,20,6,91,7,7,1785120.0,1320794.4
9,1,85,9,10,112,5,85,11,7,7,7,9,13,85,9,10,112,5,85,11,7,7,7,9,1,8,9,10,112,5,8,11,7,7,7,9,13,8,9,10,112,5,8,11,7,7,7,9,1,8,9,10,112,5,8,6,113,7,7,9,13,8,9,10,112,5,8,6,113,7,7,9,1,14,9,10,112,5,14,6,7,7,7,9,13,14,9,10,112,5,14,6,7,7,7,9,1,14,9,10,112,5,14,6,86,7,7,9,13,14,9,10,112,5,14,6,86,7,7,9,1,8,9,10,112,5,8,11,12,7,7,9,13,8,9,10,112,5,8,11,12,7,7,9,1,8,9,10,112,5,8,6,66,7,7,224700.0,344005.2
9,1,8,9,10,91,38,8,11,12,7,7,9,13,8,9,10,91,38,8,11,12,7,7,9,1,8,9,10,91,38,8,6,66,7,7,9,13,8,9,10,91,38,8,6,66,7,7,9,1,85,9,10,91,38,85,6,7,7,7,9,13,85,9,10,91,38,85,6,7,7,7,9,1,14,9,10,91,38,14,6,19,7,7,9,13,14,9,10,91,38,14,6,19,7,7,17,1,52,17,18,91,38,52,6,91,7,7,17,13,52,17,18,91,38,52,6,91,7,7,21,1,20,21,22,91,38,20,6,91,7,7,21,13,20,21,22,91,38,20,6,91,7,7,0,1,89,0,3,91,38,89,6,91,7,7,322080.0,459538.8
9,1,85,9,10,4,47,85,11,7,7,7,9,13,85,9,10,4,47,85,11,7,7,7,9,1,14,9,10,4,47,14,11,66,7,7,9,13,14,9,10,4,47,14,11,66,7,7,9,1,8,9,10,4,47,8,11,7,7,7,17,1,52,17,18,4,47,52,6,7,12,7,9,13,8,9,10,4,47,8,11,7,7,7,9,1,8,9,10,4,47,8,6,15,7,7,17,13,52,17,18,4,47,52,6,7,12,7,9,13,8,9,10,4,47,8,6,15,7,7,17,1,52,17,18,4,47,52,6,19,7,7,17,13,52,17,18,4,47,52,6,19,7,7,21,1,20,21,22,4,47,20,6,19,7,7,206400.0,468885.6
75,1,32,75,76,114,38,32,11,66,7,7,75,13,32,75,76,114,38,32,11,66,7,7,75,1,32,75,76,114,38,32,6,34,7,7,75,13,32,75,76,114,38,32,6,34,7,7,75,1,14,75,76,114,38,14,6,44,7,7,75,13,14,75,76,114,38,14,6,44,7,7,75,1,43,75,76,114,38,43,6,116,7,7,75,13,43,75,76,114,38,43,6,116,7,7,17,1,29,17,18,114,38,29,6,7,7,7,17,13,29,17,18,114,38,29,6,7,7,7,75,1,32,75,76,114,38,32,6,64,7,7,75,13,32,75,76,114,38,32,6,64,7,7,75,1,43,75,76,114,38,43,6,115,7,7,1249560.0,969336.0
40,1,39,40,41,50,117,39,11,7,7,7,17,1,52,17,18,50,117,52,11,7,7,7,17,13,52,17,18,50,117,52,11,7,7,7,40,13,39,40,41,50,117,39,11,7,7,7,40,1,39,40,41,50,117,39,11,12,7,7,40,13,39,40,41,50,117,39,11,12,7,7,40,1,45,40,41,50,117,45,6,66,7,7,40,13,45,40,41,50,117,45,6,66,7,7,17,1,52,17,18,50,117,52,6,50,7,7,17,13,52,17,18,50,117,52,6,50,7,7,0,1,20,0,3,50,117,20,6,50,7,7,0,13,20,0,3,50,117,20,6,50,7,7,0,1,52,0,18,50,117,52,6,50,7,7,940260.0,757306.8
103,1,28,103,25,88,27,28,11,7,7,7,103,13,28,103,25,88,27,28,11,7,7,7,103,1,28,103,25,88,27,28,6,66,7,7,103,13,28,103,25,88,27,28,6,66,7,7,103,1,24,103,25,88,27,24,6,37,7,7,103,13,24,103,25,88,27,24,6,37,7,7,56,1,57,56,56,88,27,57,6,88,7,7,56,13,57,56,56,88,27,57,6,88,7,7,30,1,29,30,18,88,27,29,6,88,7,7,30,13,29,30,18,88,27,29,6,88,7,7,21,1,98,21,22,88,27,98,6,88,7,7,21,13,98,21,22,88,27,98,6,88,7,7,59,1,29,59,18,88,27,29,6,88,7,7,4500.0,136248.0
9,1,14,9,10,100,5,14,11,7,7,7,9,13,14,9,10,100,5,14,11,7,7,7,9,1,8,9,10,100,5,8,11,12,7,7,9,13,8,9,10,100,5,8,11,12,7,7,9,1,8,9,10,100,5,8,6,69,7,7,9,13,8,9,10,100,5,8,6,69,7,7,9,1,14,9,10,100,5,14,6,37,7,7,9,13,14,9,10,100,5,14,6,37,7,7,108,1,85,108,109,100,5,85,6,107,7,7,108,13,85,108,109,100,5,85,6,107,7,7,17,1,16,17,18,100,5,16,6,7,12,7,17,13,16,17,18,100,5,16,6,7,12,7,17,1,16,17,18,100,5,16,6,7,66,7,15180.0,234770.4
108,1,85,108,109,107,5,85,11,66,7,7,108,13,85,108,109,107,5,85,11,66,7,7,108,1,14,108,109,107,5,14,6,50,7,7,108,13,14,108,109,107,5,14,6,50,7,7,17,1,80,17,18,107,5,80,6,50,66,7,17,13,80,17,18,107,5,80,6,50,66,7,21,1,2,21,22,107,5,2,6,50,7,7,21,13,2,21,22,107,5,2,6,50,7,7,0,1,20,0,3,107,5,20,6,50,7,7,0,13,20,0,3,107,5,20,6,50,7,7,118,1,119,118,120,107,5,119,11,12,7,7,118,13,119,118,120,107,5,119,11,12,7,7,118,1,119,118,120,107,5,119,6,66,7,7,233280.0,206054.4
122,1,39,122,41,126,127,39,11,12,7,7,122,13,39,122,41,126,127,39,11,12,7,7,122,1,45,122,41,126,127,45,11,7,7,7,122,13,45,122,41,126,127,45,11,7,7,7,122,1,45,122,41,126,127,45,6,92,7,7,122,13,45,122,41,126,127,45,6,92,7,7,122,1,39,122,41,126,127,39,6,68,7,7,56,1,57,56,56,126,127,57,6,128,7,7,56,13,57,56,56,126,127,57,6,128,7,7,122,13,39,122,41,126,127,39,6,68,7,7,30,1,52,30,18,126,127,52,6,128,7,7,30,13,52,30,18,126,127,52,6,128,7,7,123,1,124,123,125,126,127,124,6,128,7,7,13200.0,240241.2
131,1,130,131,132,129,127,130,6,7,7,7,131,13,130,131,132,129,127,130,6,7,7,7,134,1,133,134,135,129,127,133,6,12,7,7,134,13,133,134,135,129,127,133,6,12,7,7,59,1,52,59,18,129,127,52,6,12,7,7,136,1,52,136,18,129,127,52,6,12,7,7,56,1,137,56,56,129,127,137,6,12,7,7,56,13,137,56,56,129,127,137,6,12,7,7,59,13,52,59,18,129,127,52,6,12,7,7,136,13,52,136,18,129,127,52,6,12,7,7,138,1,52,138,139,129,127,52,6,12,7,7,59,1,52,59,18,129,127,52,6,7,7,7,59,13,52,59,18,129,127,52,6,7,7,7,3180.0,121276.8
122,1,45,122,142,140,38,45,11,7,7,7,122,13,45,122,142,140,38,45,11,7,7,7,40,1,45,40,41,140,38,45,6,7,7,7,40,13,45,40,41,140,38,45,6,7,7,7,40,1,45,40,41,140,38,45,6,63,7,7,40,13,45,40,41,140,38,45,6,63,7,7,40,1,45,40,41,140,38,45,6,115,7,7,17,1,29,17,18,140,38,29,6,7,7,7,17,13,29,17,18,140,38,29,6,7,7,7,40,13,45,40,41,140,38,45,6,115,7,7,17,1,29,17,18,140,38,29,6,140,7,7,17,13,29,17,18,140,38,29,6,140,7,7,21,1,2,21,22,140,38,2,6,141,7,7,234540.0,337712.4
23,1,71,23,25,143,144,71,11,7,7,7,23,13,71,23,25,143,144,71,11,7,7,7,23,1,71,23,25,143,144,71,6,100,7,7,23,13,71,23,25,143,144,71,6,100,7,7,23,1,71,23,25,143,144,71,11,12,7,7,23,13,71,23,25,143,144,71,11,12,7,7,23,1,71,23,25,143,144,71,6,34,7,7,23,13,71,23,25,143,144,71,6,34,7,7,23,1,71,23,25,143,144,71,6,7,7,7,23,13,71,23,25,143,144,71,6,7,7,7,17,1,29,17,18,143,144,29,6,7,7,7,17,13,29,17,18,143,144,29,6,7,7,7,59,1,29,59,18,143,144,29,6,7,7,7,755460.0,751180.8
75,1,43,75,76,83,38,43,11,7,7,7,75,13,43,75,76,83,38,43,11,7,7,7,75,1,32,75,76,83,38,32,11,12,7,7,17,1,52,17,18,83,38,52,11,7,7,7,75,13,32,75,76,83,38,32,11,12,7,7,75,1,32,75,76,83,38,32,6,42,7,7,17,13,52,17,18,83,38,52,11,7,7,7,75,13,32,75,76,83,38,32,6,42,7,7,75,1,89,75,76,83,38,89,6,34,7,7,75,13,89,75,76,83,38,89,6,34,7,7,75,1,45,75,76,83,38,45,6,61,7,7,75,13,45,75,76,83,38,45,6,61,7,7,75,1,43,75,76,83,38,43,6,61,7,7,890040.0,1075095.6
17,1,29,17,18,158,38,29,6,7,7,7,17,13,29,17,18,158,38,29,6,7,7,7,156,1,60,156,106,158,38,60,6,7,7,7,156,13,60,156,106,158,38,60,6,7,7,7,59,1,29,59,18,158,38,29,6,107,12,7,59,13,29,59,18,158,38,29,6,107,12,7,17,1,29,17,18,158,38,29,6,7,50,7,17,13,29,17,18,158,38,29,6,7,50,7,56,1,57,56,56,158,38,57,6,107,7,7,56,13,57,56,56,158,38,57,6,107,7,7,17,1,29,17,18,158,38,29,6,66,7,7,17,13,29,17,18,158,38,29,6,66,7,7,75,1,111,75,76,158,38,111,6,107,7,7,754440.0,748422.0
21,1,20,21,22,161,162,20,6,163,7,7,0,1,2,0,3,161,162,2,6,7,7,7,0,13,2,0,3,161,162,2,6,7,7,7,0,1,2,0,3,161,162,2,6,7,7,7,21,13,20,21,22,161,162,20,6,163,7,7,0,13,2,0,3,161,162,2,6,7,7,7,0,1,20,0,3,161,162,20,6,163,7,7,0,13,20,0,3,161,162,20,6,163,7,7,17,1,29,17,18,161,162,29,6,46,7,7,17,13,29,17,18,161,162,29,6,46,7,7,164,1,133,164,164,161,162,133,6,46,7,7,164,13,133,164,164,161,162,133,6,46,7,7,154,1,153,154,155,161,162,153,11,7,7,7,527940.0,575425.2
131,1,130,131,132,159,127,130,6,7,7,7,131,13,130,131,132,159,127,130,6,7,7,7,17,1,52,17,18,159,127,52,6,7,7,7,17,13,52,17,18,159,127,52,6,7,7,7,23,1,24,23,25,159,127,24,11,12,7,7,23,13,24,23,25,159,127,24,11,12,7,7,17,1,52,17,18,159,127,52,6,7,7,7,23,1,24,23,25,159,127,24,11,7,7,7,17,13,52,17,18,159,127,52,6,7,7,7,23,13,24,23,25,159,127,24,11,7,7,7,23,1,24,23,25,159,127,24,6,42,7,7,23,13,24,23,25,159,127,24,6,42,7,7,23,1,71,23,25,159,127,71,6,7,7,7,1533000.0,1339089.6
17,1,29,17,18,107,174,29,6,107,7,7,17,13,29,17,18,107,174,29,6,107,7,7,21,1,20,21,22,107,174,20,6,107,7,7,21,13,20,21,22,107,174,20,6,107,7,7,0,1,2,0,3,107,174,2,6,7,7,7,0,13,2,0,3,107,174,2,6,7,7,7,35,1,20,35,36,107,174,20,6,107,7,7,35,13,20,35,36,107,174,20,6,107,7,7,0,1,2,0,3,107,174,2,6,107,7,7,0,13,2,0,3,107,174,2,6,107,7,7,56,1,57,56,56,107,174,57,6,107,7,7,56,13,57,56,56,107,174,57,6,107,7,7,59,1,29,59,18,107,174,29,6,107,7,7,780.0,142591.2
17,1,29,17,18,175,176,29,6,7,7,7,17,13,29,17,18,175,176,29,6,7,7,7,21,1,20,21,22,175,176,20,6,175,7,7,21,13,20,21,22,175,176,20,6,175,7,7,0,1,20,0,3,175,176,20,6,175,7,7,0,13,20,0,3,175,176,20,6,175,7,7,93,1,98,93,94,175,176,98,11,7,7,7,93,13,98,93,94,175,176,98,11,7,7,7,93,1,98,93,94,175,176,98,6,4,7,7,93,13,98,93,94,175,176,98,6,4,7,7,59,1,29,59,18,175,176,29,6,7,7,7,59,13,29,59,18,175,176,29,6,7,7,7,59,1,29,59,18,175,176,29,6,4,7,7,1015500.0,854302.8
75,1,85,75,76,177,178,85,11,7,7,7,75,1,43,75,76,177,178,43,11,12,7,7,75,13,85,75,76,177,178,85,11,7,7,7,75,13,43,75,76,177,178,43,11,12,7,7,75,1,85,75,76,177,178,85,11,7,7,7,75,1,43,75,76,177,178,43,6,34,7,7,75,13,85,75,76,177,178,85,11,7,7,7,75,13,43,75,76,177,178,43,6,34,7,7,75,1,43,75,76,177,178,43,6,44,7,7,75,13,43,75,76,177,178,43,6,44,7,7,75,1,32,75,76,177,178,32,11,12,7,7,75,13,32,75,76,177,178,32,11,12,7,7,75,1,43,75,76,177,178,43,11,7,7,7,1659600.0,1488135.6
75,1,43,75,76,182,27,43,6,12,7,7,75,13,43,75,76,182,27,43,6,12,7,7,75,1,32,75,76,182,27,32,11,12,7,7,75,13,32,75,76,182,27,32,11,12,7,7,75,1,32,75,76,182,27,32,6,88,7,7,75,13,32,75,76,182,27,32,6,88,7,7,75,1,43,75,76,182,27,43,6,61,7,7,75,13,43,75,76,182,27,43,6,61,7,7,75,1,32,75,76,182,27,32,6,37,7,7,75,13,32,75,76,182,27,32,6,37,7,7,17,1,29,17,18,182,27,29,6,7,7,7,17,13,29,17,18,182,27,29,6,7,7,7,75,1,43,75,76,182,27,43,6,141,7,7,925200.0,795906.0
17,1,29,17,18,183,27,29,6,7,7,7,17,13,29,17,18,183,27,29,6,7,7,7,21,1,119,21,22,183,27,119,6,97,7,7,21,13,119,21,22,183,27,119,6,97,7,7,21,1,153,21,22,183,27,153,6,185,7,7,21,13,153,21,22,183,27,153,6,185,7,7,0,1,2,0,3,183,27,2,6,7,7,7,0,13,2,0,3,183,27,2,6,7,7,7,0,1,20,0,3,183,27,20,6,186,7,7,0,13,20,0,3,183,27,20,6,186,7,7,59,1,29,59,18,183,27,29,6,7,7,7,59,13,29,59,18,183,27,29,6,7,7,7,59,1,29,59,18,183,27,29,6,184,7,7,133020.0,248997.6
75,1,32,75,76,187,38,32,11,7,7,7,75,13,32,75,76,187,38,32,11,7,7,7,75,1,32,75,76,187,38,32,11,66,7,7,75,13,32,75,76,187,38,32,11,66,7,7,75,1,32,75,76,187,38,32,6,15,7,7,17,1,29,17,18,187,38,29,6,7,7,7,75,13,32,75,76,187,38,32,6,15,7,7,17,13,29,17,18,187,38,29,6,7,7,7,75,1,43,75,76,187,38,43,6,113,7,7,75,13,43,75,76,187,38,43,6,113,7,7,75,1,32,75,76,187,38,32,6,51,7,7,75,13,32,75,76,187,38,32,6,51,7,7,17,1,29,17,18,187,38,29,6,7,12,7,1041060.0,983386.8
75,1,32,75,76,146,38,32,11,66,7,7,75,13,32,75,76,146,38,32,11,66,7,7,75,1,32,75,76,146,38,32,6,19,7,7,75,13,32,75,76,146,38,32,6,19,7,7,75,1,14,75,76,146,38,14,6,66,7,7,75,1,43,75,76,146,38,43,6,188,7,7,75,13,14,75,76,146,38,14,6,66,7,7,75,13,43,75,76,146,38,43,6,188,7,7,17,1,29,17,18,146,38,29,6,7,66,7,17,13,29,17,18,146,38,29,6,7,66,7,75,1,32,75,76,146,38,32,11,12,7,7,75,13,32,75,76,146,38,32,11,12,7,7,75,1,32,75,76,146,38,32,6,113,7,7,1439520.0,1177018.8
193,1,192,193,194,190,178,192,6,195,7,7,193,13,192,193,194,190,178,192,6,195,7,7,193,1,196,193,194,190,178,196,6,115,7,7,193,13,196,193,194,190,178,196,6,115,7,7,193,1,196,193,194,190,178,196,6,195,7,7,193,13,196,193,194,190,178,196,6,195,7,7,193,1,192,193,194,190,178,192,6,187,7,7,193,13,192,193,194,190,178,192,6,187,7,7,59,1,52,59,18,190,178,52,6,7,7,7,59,13,52,59,18,190,178,52,6,7,7,7,56,1,57,56,56,190,178,57,6,191,7,7,56,13,57,56,56,190,178,57,6,191,7,7,21,1,20,21,22,190,178,20,6,191,7,7,5160.0,242658.0
0,1,20,0,3,79,5,20,6,61,7,7,0,13,20,0,3,79,5,20,6,61,7,7,0,1,20,0,3,79,5,20,6,61,7,7,0,13,20,0,3,79,5,20,6,61,7,7,118,1,119,118,120,79,5,119,11,7,7,7,118,13,119,118,120,79,5,119,11,7,7,7,118,1,150,118,120,79,5,150,11,7,7,7,118,13,150,118,120,79,5,150,11,7,7,7,118,1,119,118,120,79,5,119,11,12,7,7,118,13,119,118,120,79,5,119,11,12,7,7,118,1,119,118,120,79,5,119,6,61,7,7,118,13,119,118,120,79,5,119,6,61,7,7,118,1,153,118,120,79,5,153,6,55,7,7,695700.0,671709.6
23,1,71,23,25,107,38,71,6,34,7,7,23,13,71,23,25,107,38,71,6,34,7,7,23,1,28,23,25,107,38,28,11,66,7,7,23,13,28,23,25,107,38,28,11,66,7,7,23,1,28,23,25,107,38,28,6,50,7,7,23,13,28,23,25,107,38,28,6,50,7,7,23,1,28,23,25,107,38,28,11,7,7,7,23,13,28,23,25,107,38,28,11,7,7,7,23,1,71,23,25,107,38,71,11,12,7,7,23,13,71,23,25,107,38,71,11,12,7,7,17,1,80,17,18,107,38,80,6,34,12,7,17,13,80,17,18,107,38,80,6,34,12,7,21,1,20,21,22,107,38,20,6,34,7,7,349800.0,642232.8
40,1,45,40,41,79,38,45,11,12,7,7,17,1,52,17,18,79,38,52,11,7,7,7,40,13,45,40,41,79,38,45,11,12,7,7,40,1,45,40,41,79,38,45,11,7,7,7,40,13,45,40,41,79,38,45,11,7,7,7,40,1,45,40,41,79,38,45,6,15,7,7,17,13,52,17,18,79,38,52,11,7,7,7,40,13,45,40,41,79,38,45,6,15,7,7,40,1,43,40,41,79,38,43,6,102,7,7,40,13,43,40,41,79,38,43,6,102,7,7,40,1,45,40,41,79,38,45,6,61,7,7,40,13,45,40,41,79,38,45,6,61,7,7,17,1,52,17,18,79,38,52,6,79,7,7,1965600.0,1629074.4
40,1,45,40,41,4,38,45,6,4,7,7,40,13,45,40,41,4,38,45,6,4,7,7,40,1,45,40,41,4,38,45,11,7,7,7,40,13,45,40,41,4,38,45,11,7,7,7,40,1,45,40,41,4,38,45,6,19,7,7,40,13,45,40,41,4,38,45,6,19,7,7,17,1,29,17,18,4,38,29,6,19,12,7,17,13,29,17,18,4,38,29,6,19,12,7,17,1,29,17,18,4,38,29,6,7,7,7,17,13,29,17,18,4,38,29,6,7,7,7,17,1,29,17,18,4,38,29,6,19,7,7,17,13,29,17,18,4,38,29,6,19,7,7,21,1,2,21,22,4,38,2,6,19,7,7,296940.0,406280.4
40,1,45,40,41,51,38,45,11,7,7,7,30,1,52,30,18,51,38,52,11,7,7,7,30,13,52,30,18,51,38,52,11,7,7,7,40,13,45,40,41,51,38,45,11,7,7,7,40,1,43,40,41,51,38,43,6,88,7,7,40,13,43,40,41,51,38,43,6,88,7,7,40,1,45,40,41,51,38,45,6,34,7,7,40,13,45,40,41,51,38,45,6,34,7,7,30,1,52,30,18,51,38,52,6,51,7,7,30,13,52,30,18,51,38,52,6,51,7,7,21,1,20,21,22,51,38,20,6,51,7,7,21,13,20,21,22,51,38,20,6,51,7,7,35,1,20,35,36,51,38,20,6,51,7,7,390060.0,573584.4
17,1,80,17,18,107,5,80,6,34,12,7,108,1,85,108,109,107,5,85,6,50,7,7,17,13,80,17,18,107,5,80,6,34,12,7,21,1,98,21,22,107,5,98,6,34,7,7,108,13,85,108,109,107,5,85,6,50,7,7,21,13,98,21,22,107,5,98,6,34,7,7,0,1,60,0,3,107,5,60,6,34,7,7,0,13,60,0,3,107,5,60,6,34,7,7,105,1,60,105,106,107,5,60,11,7,7,7,105,13,60,105,106,107,5,60,11,7,7,7,105,1,60,105,106,107,5,60,6,7,7,7,105,13,60,105,106,107,5,60,6,7,7,7,105,1,60,105,106,107,5,60,6,7,7,7,537360.0,551406.0
202,1,71,202,25,51,38,71,6,7,7,7,202,1,28,202,25,51,38,28,11,66,7,7,202,13,71,202,25,51,38,71,6,7,7,7,202,13,28,202,25,51,38,28,11,66,7,7,202,1,28,202,25,51,38,28,6,42,7,7,202,13,28,202,25,51,38,28,6,42,7,7,202,1,8,202,25,51,38,8,6,19,7,7,202,13,8,202,25,51,38,8,6,19,7,7,17,1,52,17,18,51,38,52,6,61,66,7,17,13,52,17,18,51,38,52,6,61,66,7,21,1,20,21,22,51,38,20,6,61,7,7,21,13,20,21,22,51,38,20,6,61,7,7,35,1,20,35,36,51,38,20,6,61,7,7,845100.0,796860.0
93,1,60,93,94,88,27,60,11,7,7,7,93,13,60,93,94,88,27,60,11,7,7,7,93,1,60,93,94,88,27,60,6,7,7,7,93,13,60,93,94,88,27,60,6,7,7,7,17,1,29,17,18,88,27,29,6,7,7,7,93,1,98,93,94,88,27,98,6,7,7,7,17,13,29,17,18,88,27,29,6,7,7,7,93,13,98,93,94,88,27,98,6,7,7,7,93,1,60,93,94,88,27,60,6,69,7,7,93,13,60,93,94,88,27,60,6,69,7,7,93,1,60,93,94,88,27,60,6,34,7,7,93,13,60,93,94,88,27,60,6,34,7,7,59,1,29,59,18,88,27,29,6,88,7,7,54420.0,228867.6
75,1,32,75,76,217,218,32,11,7,7,7,75,13,32,75,76,217,218,32,11,7,7,7,75,1,43,75,76,217,218,43,11,12,7,7,75,13,43,75,76,217,218,43,11,12,7,7,75,1,85,75,76,217,218,85,6,69,7,7,75,13,85,75,76,217,218,85,6,69,7,7,75,1,32,75,76,217,218,32,6,53,7,7,75,13,32,75,76,217,218,32,6,53,7,7,75,1,43,75,76,217,218,43,6,100,7,7,75,13,43,75,76,217,218,43,6,100,7,7,75,1,85,75,76,217,218,85,6,69,7,7,75,13,85,75,76,217,218,85,6,69,7,7,35,1,2,35,36,217,218,2,6,7,7,7,781200.0,843724.8
75,1,85,75,76,69,38,85,11,7,7,7,75,13,85,75,76,69,38,85,11,7,7,7,75,1,85,75,76,69,38,85,11,7,7,7,75,13,85,75,76,69,38,85,11,7,7,7,75,1,14,75,76,69,38,14,11,12,7,7,75,13,14,75,76,69,38,14,11,12,7,7,17,1,52,17,18,69,38,52,6,7,12,7,75,1,32,75,76,69,38,32,11,12,7,7,17,13,52,17,18,69,38,52,6,7,12,7,75,13,32,75,76,69,38,32,11,12,7,7,75,1,32,75,76,69,38,32,6,55,7,7,75,13,32,75,76,69,38,32,6,55,7,7,17,1,52,17,18,69,38,52,6,61,7,7,237600.0,575848.8
75,1,32,75,76,100,27,32,11,66,7,7,75,13,32,75,76,100,27,32,11,66,7,7,75,1,32,75,76,100,27,32,6,50,7,7,75,13,32,75,76,100,27,32,6,50,7,7,75,1,14,75,76,100,27,14,6,34,7,7,75,13,14,75,76,100,27,14,6,34,7,7,75,1,43,75,76,100,27,43,6,31,7,7,75,13,43,75,76,100,27,43,6,31,7,7,75,1,32,75,76,100,27,32,6,12,7,7,75,13,32,75,76,100,27,32,6,12,7,7,17,1,52,17,18,100,27,52,6,97,12,7,17,13,52,17,18,100,27,52,6,97,12,7,17,1,52,17,18,100,27,52,6,7,12,7,604500.0,574866.0
75,1,32,75,76,4,27,32,11,7,7,7,75,13,32,75,76,4,27,32,11,7,7,7,75,1,43,75,76,4,27,43,11,12,7,7,17,1,52,17,18,4,27,52,6,7,7,7,75,13,43,75,76,4,27,43,11,12,7,7,75,1,43,75,76,4,27,43,6,19,7,7,17,13,52,17,18,4,27,52,6,7,7,7,75,13,43,75,76,4,27,43,6,19,7,7,17,1,29,17,18,4,27,29,6,19,12,7,17,13,29,17,18,4,27,29,6,19,12,7,21,1,20,21,22,4,27,20,6,19,7,7,21,13,20,21,22,4,27,20,6,19,7,7,0,1,20,0,3,4,27,20,6,19,7,7,410700.0,461658.0
23,1,71,23,25,78,219,71,6,4,7,7,23,13,71,23,25,78,219,71,6,4,7,7,23,1,28,23,25,78,219,28,6,42,7,7,23,13,28,23,25,78,219,28,6,42,7,7,23,1,71,23,25,78,219,71,6,55,7,7,23,13,71,23,25,78,219,71,6,55,7,7,17,1,52,17,18,78,219,52,6,68,66,7,17,13,52,17,18,78,219,52,6,68,66,7,21,1,2,21,22,78,219,2,6,68,7,7,21,13,2,21,22,78,219,2,6,68,7,7,35,1,20,35,36,78,219,20,6,61,7,7,35,13,20,35,36,78,219,20,6,61,7,7,35,1,2,35,36,78,219,2,6,7,7,7,349200.0,386647.2
23,1,28,23,25,51,47,28,11,12,7,7,23,13,28,23,25,51,47,28,11,12,7,7,23,1,28,23,25,51,47,28,6,42,7,7,23,13,28,23,25,51,47,28,6,42,7,7,23,1,71,23,25,51,47,71,6,69,7,7,23,13,71,23,25,51,47,71,6,69,7,7,0,1,2,0,3,51,47,2,6,7,7,7,0,13,2,0,3,51,47,2,6,7,7,7,17,1,80,17,18,51,47,80,6,51,7,7,17,13,80,17,18,51,47,80,6,51,7,7,21,1,20,21,22,51,47,20,6,51,7,7,21,13,20,21,22,51,47,20,6,51,7,7,35,1,20,35,36,51,47,20,6,4,7,7,669060.0,715212.0
40,1,45,40,41,220,38,45,11,12,7,7,40,13,45,40,41,220,38,45,11,12,7,7,40,1,45,40,41,220,38,45,11,7,7,7,40,13,45,40,41,220,38,45,11,7,7,7,17,1,52,17,18,220,38,52,6,7,7,7,17,13,52,17,18,220,38,52,6,7,7,7,40,1,45,40,41,220,38,45,6,37,7,7,40,13,45,40,41,220,38,45,6,37,7,7,40,1,45,40,41,220,38,45,6,222,7,7,40,13,45,40,41,220,38,45,6,222,7,7,40,1,8,40,41,220,38,8,6,102,7,7,40,13,8,40,41,220,38,8,6,102,7,7,17,1,52,17,18,220,38,52,6,221,7,7,519900.0,505862.4
225,1,224,225,226,113,223,224,11,7,7,7,225,13,224,225,226,113,223,224,11,7,7,7,225,1,224,225,226,113,223,224,11,7,7,7,225,13,224,225,226,113,223,224,11,7,7,7,59,1,16,59,18,113,223,16,6,7,7,7,225,1,224,225,226,113,223,224,6,15,7,7,59,13,16,59,18,113,223,16,6,7,7,7,225,13,224,225,226,113,223,224,6,15,7,7,225,1,224,225,226,113,223,224,6,42,7,7,225,13,224,225,226,113,223,224,6,42,7,7,225,1,224,225,226,113,223,224,6,31,7,7,225,13,224,225,226,113,223,224,6,31,7,7,21,1,20,21,22,113,223,20,6,113,7,7,210480.0,301732.8
108,1,85,108,109,107,5,85,11,7,7,7,108,13,85,108,109,107,5,85,11,7,7,7,108,1,8,108,109,107,5,8,11,12,7,7,108,13,8,108,109,107,5,8,11,12,7,7,108,1,8,108,109,107,5,8,6,34,7,7,108,13,8,108,109,107,5,8,6,34,7,7,17,1,16,17,18,107,5,16,6,107,7,7,17,13,16,17,18,107,5,16,6,107,7,7,21,1,20,21,22,107,5,20,6,107,7,7,21,13,20,21,22,107,5,20,6,107,7,7,17,1,16,17,18,107,5,16,6,7,7,7,17,13,16,17,18,107,5,16,6,7,7,7,0,1,2,0,3,107,5,2,6,107,7,7,772080.0,547825.2
75,1,32,75,76,91,38,32,11,66,7,7,75,13,32,75,76,91,38,32,11,66,7,7,75,1,32,75,76,91,38,32,11,7,7,7,75,1,29,75,76,91,38,29,6,7,7,7,75,13,32,75,76,91,38,32,11,7,7,7,75,13,29,75,76,91,38,29,6,7,7,7,17,1,29,17,18,91,38,29,6,7,7,7,17,13,29,17,18,91,38,29,6,7,7,7,75,1,32,75,76,91,38,32,6,4,7,7,75,13,32,75,76,91,38,32,6,4,7,7,17,1,29,17,18,91,38,29,6,91,7,7,17,13,29,17,18,91,38,29,6,91,7,7,21,1,20,21,22,91,38,20,6,91,7,7,234000.0,416811.6
21,1,20,21,22,228,27,20,6,228,7,7,21,13,20,21,22,228,27,20,6,228,7,7,35,1,20,35,36,228,27,20,6,73,7,7,35,13,20,35,36,228,27,20,6,73,7,7,35,1,20,35,36,228,27,20,6,64,7,7,35,13,20,35,36,228,27,20,6,64,7,7,35,1,2,35,36,228,27,2,6,229,7,7,35,13,2,35,36,228,27,2,6,229,7,7,59,1,29,59,18,228,27,29,6,7,7,7,59,13,29,59,18,228,27,29,6,7,7,7,56,1,57,56,56,228,27,57,6,228,7,7,56,13,57,56,56,228,27,57,6,228,7,7,59,1,29,59,18,228,27,29,6,228,7,7,60.0,237039.6
75,1,32,75,76,64,38,32,11,12,7,7,75,13,32,75,76,64,38,32,11,12,7,7,75,1,32,75,76,64,38,32,6,12,7,7,75,13,32,75,76,64,38,32,6,12,7,7,75,1,43,75,76,64,38,43,6,50,7,7,75,13,43,75,76,64,38,43,6,50,7,7,75,1,43,75,76,64,38,43,11,7,7,7,75,13,43,75,76,64,38,43,11,7,7,7,75,1,43,75,76,64,38,43,11,66,7,7,75,13,43,75,76,64,38,43,11,66,7,7,75,1,43,75,76,64,38,43,6,107,7,7,75,13,43,75,76,64,38,43,6,107,7,7,75,1,32,75,76,64,38,32,6,222,7,7,1486200.0,1255602.0
40,1,45,40,41,126,218,45,11,7,7,7,40,13,45,40,41,126,218,45,11,7,7,7,40,1,45,40,41,126,218,45,6,79,7,7,40,13,45,40,41,126,218,45,6,79,7,7,17,1,29,17,18,126,218,29,6,7,7,7,17,13,29,17,18,126,218,29,6,7,7,7,40,1,39,40,41,126,218,39,6,79,7,7,40,13,39,40,41,126,218,39,6,79,7,7,17,1,29,17,18,126,218,29,6,126,7,7,17,13,29,17,18,126,218,29,6,126,7,7,35,1,2,35,36,126,218,2,6,7,7,7,35,13,2,35,36,126,218,2,6,7,7,7,21,1,20,21,22,126,218,20,6,126,7,7,510600.0,494178.0
40,1,39,40,41,37,234,39,11,7,7,7,40,13,39,40,41,37,234,39,11,7,7,7,40,1,39,40,41,37,234,39,11,7,7,7,40,13,39,40,41,37,234,39,11,7,7,7,40,1,39,40,41,37,234,39,11,12,7,7,17,1,52,17,18,37,234,52,6,7,7,7,40,13,39,40,41,37,234,39,11,12,7,7,40,1,39,40,41,37,234,39,49,7,7,7,17,13,52,17,18,37,234,52,6,7,7,7,40,13,39,40,41,37,234,39,49,7,7,7,40,1,39,40,41,37,234,39,6,44,7,7,40,13,39,40,41,37,234,39,6,44,7,7,40,1,39,40,41,37,234,39,6,12,7,7,1534320.0,1327579.2
122,1,45,122,142,19,236,45,11,7,7,7,122,13,45,122,142,19,236,45,11,7,7,7,122,1,45,122,142,19,236,45,6,19,7,7,122,13,45,122,142,19,236,45,6,19,7,7,40,1,45,40,41,19,236,45,11,7,7,7,40,1,45,40,41,19,236,45,11,7,7,7,40,1,45,40,41,19,236,45,6,19,7,7,40,13,45,40,41,19,236,45,11,7,7,7,40,13,45,40,41,19,236,45,11,7,7,7,40,13,45,40,41,19,236,45,6,19,7,7,17,1,29,17,18,19,236,29,6,19,7,7,17,13,29,17,18,19,236,29,6,19,7,7,21,1,20,21,22,19,236,20,6,19,7,7,272940.0,364059.6
40,1,45,40,41,115,239,45,11,12,7,7,40,13,45,40,41,115,239,45,11,12,7,7,40,1,45,40,41,115,239,45,11,7,7,7,17,1,29,17,18,115,239,29,6,7,7,7,40,13,45,40,41,115,239,45,11,7,7,7,17,13,29,17,18,115,239,29,6,7,7,7,40,1,45,40,41,115,239,45,11,7,7,7,17,1,29,17,18,115,239,29,6,7,7,7,17,13,29,17,18,115,239,29,6,7,7,7,40,13,45,40,41,115,239,45,11,7,7,7,40,1,45,40,41,115,239,45,6,69,7,7,40,13,45,40,41,115,239,45,6,69,7,7,40,1,98,40,41,115,239,98,6,44,7,7,1774860.0,1487175.6
40,1,45,40,41,91,38,45,11,7,7,7,40,13,45,40,41,91,38,45,11,7,7,7,40,1,45,40,41,91,38,45,11,102,7,7,17,1,52,17,18,91,38,52,6,7,7,7,40,1,45,40,41,91,38,45,11,12,7,7,40,13,45,40,41,91,38,45,11,12,7,7,17,13,52,17,18,91,38,52,6,7,7,7,40,13,45,40,41,91,38,45,11,102,7,7,40,1,45,40,41,91,38,45,6,107,7,7,40,13,45,40,41,91,38,45,6,107,7,7,17,1,52,17,18,91,38,52,6,91,7,7,40,1,45,40,41,91,38,45,11,12,7,7,40,1,45,40,41,91,38,45,6,44,7,7,1632360.0,1376355.6
40,1,45,40,41,91,38,45,11,7,7,7,40,13,45,40,41,91,38,45,11,7,7,7,40,1,45,40,41,91,38,45,11,12,7,7,40,13,45,40,41,91,38,45,11,12,7,7,40,1,45,40,41,91,38,45,11,7,7,7,40,13,45,40,41,91,38,45,11,7,7,7,40,1,45,40,41,91,38,45,6,44,7,7,40,13,45,40,41,91,38,45,6,44,7,7,40,1,45,40,41,91,38,45,11,7,7,7,40,13,45,40,41,91,38,45,11,7,7,7,40,1,45,40,41,91,38,45,6,7,7,7,40,13,45,40,41,91,38,45,6,7,7,7,40,1,45,40,41,91,38,45,6,91,7,7,263880.0,537708.0
23,1,28,23,25,91,27,28,11,12,7,7,23,13,28,23,25,91,27,28,11,12,7,7,23,1,28,23,25,91,27,28,6,50,7,7,23,1,24,23,25,91,27,24,6,15,7,7,23,13,24,23,25,91,27,24,6,15,7,7,17,1,29,17,18,91,27,29,6,91,7,7,23,13,28,23,25,91,27,28,6,50,7,7,17,13,29,17,18,91,27,29,6,91,7,7,35,1,20,35,36,91,27,20,6,91,7,7,35,13,20,35,36,91,27,20,6,91,7,7,21,1,20,21,22,91,27,20,6,91,7,7,21,13,20,21,22,91,27,20,6,91,7,7,0,1,20,0,3,91,27,20,6,91,7,7,194400.0,316395.6
40,1,39,40,41,50,27,39,11,12,7,7,40,13,39,40,41,50,27,39,11,12,7,7,40,1,39,40,41,50,27,39,49,7,7,7,17,1,52,17,18,50,27,52,6,7,7,7,17,13,52,17,18,50,27,52,6,7,7,7,40,13,39,40,41,50,27,39,49,7,7,7,40,1,39,40,41,50,27,39,6,66,7,7,17,1,52,17,18,50,27,52,6,50,7,7,35,1,98,35,36,50,27,98,6,50,7,7,40,13,39,40,41,50,27,39,6,66,7,7,17,13,52,17,18,50,27,52,6,50,7,7,35,13,98,35,36,50,27,98,6,50,7,7,0,1,98,0,3,50,27,98,6,50,7,7,131400.0,280460.4
225,1,224,225,226,50,5,224,6,50,7,7,225,13,224,225,226,50,5,224,6,50,7,7,17,1,80,17,18,50,5,80,6,50,7,7,17,13,80,17,18,50,5,80,6,50,7,7,0,1,60,0,3,50,5,60,6,50,7,7,0,13,60,0,3,50,5,60,6,50,7,7,93,1,60,93,94,50,5,60,11,7,7,7,93,13,60,93,94,50,5,60,11,7,7,7,93,1,60,93,94,50,5,60,6,7,7,7,93,13,60,93,94,50,5,60,6,7,7,7,93,1,60,93,94,50,5,60,6,50,7,7,93,13,60,93,94,50,5,60,6,50,7,7,0,1,60,0,3,50,5,60,6,50,7,7,104340.0,244903.2
108,1,14,108,109,4,5,14,11,66,7,7,17,1,16,17,18,4,5,16,11,7,7,7,108,13,14,108,109,4,5,14,11,66,7,7,17,13,16,17,18,4,5,16,11,7,7,7,9,1,8,9,10,4,5,8,6,15,7,7,9,13,8,9,10,4,5,8,6,15,7,7,17,1,16,17,18,4,5,16,6,4,7,7,17,13,16,17,18,4,5,16,6,4,7,7,21,1,20,21,22,4,5,20,6,4,7,7,21,13,20,21,22,4,5,20,6,4,7,7,0,1,20,0,3,4,5,20,6,4,7,7,0,13,20,0,3,4,5,20,6,4,7,7,154,1,153,154,155,4,5,153,11,7,7,7,207180.0,329763.6
75,1,32,75,76,79,38,32,11,12,7,7,75,13,32,75,76,79,38,32,11,12,7,7,17,1,29,17,18,79,38,29,6,7,7,7,75,1,32,75,76,79,38,32,11,12,7,7,17,13,29,17,18,79,38,29,6,7,7,7,75,13,32,75,76,79,38,32,11,12,7,7,75,1,32,75,76,79,38,32,6,66,7,7,75,13,32,75,76,79,38,32,6,66,7,7,75,1,14,75,76,79,38,14,6,88,7,7,75,13,14,75,76,79,38,14,6,88,7,7,75,1,43,75,76,79,38,43,6,102,7,7,75,13,43,75,76,79,38,43,6,102,7,7,17,1,29,17,18,79,38,29,6,7,12,7,1906020.0,1349865.6
70,1,24,70,72,88,47,24,11,12,7,7,70,13,24,70,72,88,47,24,11,12,7,7,70,1,28,70,72,88,47,28,11,12,7,7,70,13,28,70,72,88,47,28,11,12,7,7,70,1,28,70,72,88,47,28,6,102,7,7,70,13,28,70,72,88,47,28,6,102,7,7,70,1,8,70,72,88,47,8,6,4,7,7,70,13,8,70,72,88,47,8,6,4,7,7,70,1,24,70,72,88,47,24,6,66,7,7,17,1,52,17,18,88,47,52,6,88,7,7,70,13,24,70,72,88,47,24,6,66,7,7,17,13,52,17,18,88,47,52,6,88,7,7,21,1,20,21,22,88,47,20,6,88,7,7,1784400.0,1383388.8
108,1,43,108,109,88,5,43,11,7,7,7,108,13,43,108,109,88,5,43,11,7,7,7,108,1,85,108,109,88,5,85,11,12,7,7,108,13,85,108,109,88,5,85,11,12,7,7,9,1,8,9,10,88,5,8,11,7,7,7,108,1,8,108,109,88,5,8,11,7,7,7,9,13,8,9,10,88,5,8,11,7,7,7,108,13,8,108,109,88,5,8,11,7,7,7,17,1,80,17,18,88,5,80,6,7,7,7,108,1,43,108,109,88,5,43,11,7,7,7,17,13,80,17,18,88,5,80,6,7,7,7,108,13,43,108,109,88,5,43,11,7,7,7,108,1,43,108,109,88,5,43,11,12,7,7,1457340.0,1252752.0
40,1,45,40,41,78,38,45,11,12,7,7,103,1,71,103,25,78,38,71,6,7,7,7,103,13,71,103,25,78,38,71,6,7,7,7,40,13,45,40,41,78,38,45,11,12,7,7,40,1,45,40,41,78,38,45,11,12,7,7,40,13,45,40,41,78,38,45,11,12,7,7,40,1,32,40,41,78,38,32,6,44,7,7,40,13,32,40,41,78,38,32,6,44,7,7,40,1,240,40,41,78,38,240,6,195,7,7,40,13,240,40,41,78,38,240,6,195,7,7,40,1,45,40,41,78,38,45,11,7,7,7,40,13,45,40,41,78,38,45,11,7,7,7,40,1,45,40,41,78,38,45,6,63,7,7,1758060.0,1469869.2
70,1,71,70,72,4,27,71,11,12,7,7,70,13,71,70,72,4,27,71,11,12,7,7,70,1,71,70,72,4,27,71,11,12,7,7,17,1,52,17,18,4,27,52,6,7,7,7,17,13,52,17,18,4,27,52,6,7,7,7,70,13,71,70,72,4,27,71,11,12,7,7,70,1,71,70,72,4,27,71,6,15,7,7,17,1,52,17,18,4,27,52,6,4,7,7,70,13,71,70,72,4,27,71,6,15,7,7,17,13,52,17,18,4,27,52,6,4,7,7,70,1,71,70,72,4,27,71,11,7,7,7,70,13,71,70,72,4,27,71,11,7,7,7,70,1,24,70,72,4,27,24,11,66,7,7,431040.0,545686.8
241,1,8,241,109,61,5,8,11,7,7,7,241,13,8,241,109,61,5,8,11,7,7,7,108,1,43,108,109,61,5,43,11,12,7,7,17,1,80,17,18,61,5,80,6,12,7,7,108,13,43,108,109,61,5,43,11,12,7,7,108,1,43,108,109,61,5,43,6,7,7,7,17,13,80,17,18,61,5,80,6,12,7,7,108,13,43,108,109,61,5,43,6,7,7,7,108,1,85,108,109,61,5,85,6,19,7,7,108,13,85,108,109,61,5,85,6,19,7,7,108,1,8,108,109,61,5,8,6,107,7,7,108,13,8,108,109,61,5,8,6,107,7,7,17,1,80,17,18,61,5,80,6,7,7,7,14580.0,239479.2
103,1,28,103,25,78,27,28,11,7,7,7,103,13,28,103,25,78,27,28,11,7,7,7,103,1,71,103,25,78,27,71,11,12,7,7,103,13,71,103,25,78,27,71,11,12,7,7,103,1,28,103,25,78,27,28,11,12,7,7,103,13,28,103,25,78,27,28,11,12,7,7,103,1,28,103,25,78,27,28,6,34,7,7,103,13,28,103,25,78,27,28,6,34,7,7,103,1,28,103,25,78,27,28,49,7,7,7,103,13,28,103,25,78,27,28,49,7,7,7,103,1,8,103,25,78,27,8,6,79,7,7,103,13,8,103,25,78,27,8,6,79,7,7,30,1,29,30,18,78,27,29,6,78,7,7,1141080.0,1037290.8
75,1,32,75,76,73,27,32,11,12,7,7,75,13,32,75,76,73,27,32,11,12,7,7,75,1,32,75,76,73,27,32,6,88,7,7,75,13,32,75,76,73,27,32,6,88,7,7,17,1,29,17,18,73,27,29,6,7,7,7,17,13,29,17,18,73,27,29,6,7,7,7,75,1,14,75,76,73,27,14,6,97,7,7,75,13,14,75,76,73,27,14,6,97,7,7,75,1,39,75,76,73,27,39,6,34,7,7,75,13,39,75,76,73,27,39,6,34,7,7,75,1,32,75,76,73,27,32,6,79,7,7,17,1,29,17,18,73,27,29,6,7,66,7,75,13,32,75,76,73,27,32,6,79,7,7,410340.0,430558.8
40,1,39,40,41,167,38,39,11,7,7,7,40,13,39,40,41,167,38,39,11,7,7,7,40,1,45,40,41,167,38,45,11,12,7,7,17,1,29,17,18,167,38,29,6,7,7,7,40,13,45,40,41,167,38,45,11,12,7,7,17,13,29,17,18,167,38,29,6,7,7,7,40,1,45,40,41,167,38,45,6,42,7,7,40,13,45,40,41,167,38,45,6,42,7,7,40,1,39,40,41,167,38,39,6,37,7,7,40,13,39,40,41,167,38,39,6,37,7,7,17,1,29,17,18,167,38,29,6,167,7,7,17,13,29,17,18,167,38,29,6,167,7,7,21,1,20,21,22,167,38,20,6,167,7,7,124320.0,321939.6
75,1,32,75,76,61,27,32,11,12,7,7,75,13,32,75,76,61,27,32,11,12,7,7,75,1,43,75,76,61,27,43,11,12,7,7,75,13,43,75,76,61,27,43,11,12,7,7,75,1,43,75,76,61,27,43,6,63,7,7,75,13,43,75,76,61,27,43,6,63,7,7,17,1,29,17,18,61,27,29,6,7,7,7,17,13,29,17,18,61,27,29,6,7,7,7,246,1,45,246,41,61,27,45,6,7,7,7,246,13,45,246,41,61,27,45,6,7,7,7,17,1,29,17,18,61,27,29,6,4,7,7,17,1,29,17,18,61,27,29,6,7,107,7,17,13,29,17,18,61,27,29,6,7,107,7,2220.0,192573.6
40,1,39,40,41,4,38,39,11,12,7,7,40,13,39,40,41,4,38,39,11,12,7,7,40,1,39,40,41,4,38,39,49,7,7,7,17,1,29,17,18,4,38,29,6,7,7,7,40,13,39,40,41,4,38,39,49,7,7,7,40,1,39,40,41,4,38,39,6,19,7,7,17,13,29,17,18,4,38,29,6,7,7,7,40,13,39,40,41,4,38,39,6,19,7,7,40,1,39,40,41,4,38,39,11,7,7,7,40,13,39,40,41,4,38,39,11,7,7,7,40,1,39,40,41,4,38,39,6,7,7,7,40,13,39,40,41,4,38,39,6,7,7,7,17,1,29,17,18,4,38,29,6,4,7,7,1274760.0,1167991.2
40,1,45,40,41,42,38,45,11,7,7,7,17,1,16,17,18,42,38,16,11,7,7,7,40,13,45,40,41,42,38,45,11,7,7,7,17,13,16,17,18,42,38,16,11,7,7,7,40,1,45,40,41,42,38,45,6,102,7,7,40,13,45,40,41,42,38,45,6,102,7,7,75,1,111,75,76,42,38,111,6,7,12,7,75,13,111,75,76,42,38,111,6,7,12,7,17,1,29,17,18,42,38,29,6,102,7,7,17,13,29,17,18,42,38,29,6,102,7,7,35,1,98,35,36,42,38,98,6,102,7,7,35,13,98,35,36,42,38,98,6,102,7,7,17,1,29,17,18,42,38,29,6,7,7,7,595980.0,743624.4
75,1,45,75,76,19,38,45,11,7,7,7,75,13,45,75,76,19,38,45,11,7,7,7,75,1,45,75,76,19,38,45,11,7,7,7,75,13,45,75,76,19,38,45,11,7,7,7,75,1,45,75,76,19,38,45,11,7,7,7,75,13,45,75,76,19,38,45,11,7,7,7,75,1,45,75,76,19,38,45,6,19,7,7,75,13,45,75,76,19,38,45,6,19,7,7,17,1,29,17,18,19,38,29,6,19,7,7,17,13,29,17,18,19,38,29,6,19,7,7,21,1,20,21,22,19,38,20,6,19,7,7,0,1,20,0,3,19,38,20,6,19,7,7,0,13,20,0,3,19,38,20,6,19,7,7,261120.0,353250.0
40,1,45,40,41,229,38,45,6,63,7,7,40,13,45,40,41,229,38,45,6,63,7,7,40,1,39,40,41,229,38,39,11,7,7,7,40,13,39,40,41,229,38,39,11,7,7,7,40,1,39,40,41,229,38,39,49,7,7,7,40,13,39,40,41,229,38,39,49,7,7,7,40,1,39,40,41,229,38,39,11,7,7,7,40,13,39,40,41,229,38,39,11,7,7,7,40,1,39,40,41,229,38,39,11,12,7,7,40,13,39,40,41,229,38,39,11,12,7,7,40,1,39,40,41,229,38,39,49,7,7,7,40,13,39,40,41,229,38,39,49,7,7,7,40,1,39,40,41,229,38,39,6,248,7,7,573480.0,824889.6
40,1,45,40,41,4,249,45,11,7,7,7,40,13,45,40,41,4,249,45,11,7,7,7,40,1,39,40,41,4,249,39,11,7,7,7,40,13,39,40,41,4,249,39,11,7,7,7,40,1,39,40,41,4,249,39,49,7,7,7,40,13,39,40,41,4,249,39,49,7,7,7,40,1,39,40,41,4,249,39,11,12,7,7,40,13,39,40,41,4,249,39,11,12,7,7,40,1,39,40,41,4,249,39,6,19,7,7,40,13,39,40,41,4,249,39,6,19,7,7,40,1,39,40,41,4,249,39,11,7,7,7,40,13,39,40,41,4,249,39,11,7,7,7,40,1,45,40,41,4,249,45,11,7,7,7,842400.0,947542.8
9,1,85,9,10,51,38,85,11,7,7,7,9,13,85,9,10,51,38,85,11,7,7,7,9,1,14,9,10,51,38,14,11,7,7,7,9,13,14,9,10,51,38,14,11,7,7,7,9,1,8,9,10,51,38,8,11,7,7,7,9,13,8,9,10,51,38,8,11,7,7,7,9,1,8,9,10,51,38,8,6,44,7,7,17,1,52,17,18,51,38,52,11,7,7,7,17,13,52,17,18,51,38,52,11,7,7,7,9,13,8,9,10,51,38,8,6,44,7,7,9,1,14,9,10,51,38,14,6,63,7,7,9,13,14,9,10,51,38,14,6,63,7,7,17,1,52,17,18,51,38,52,6,7,50,7,181800.0,369295.2
93,1,60,93,94,92,54,60,11,7,7,7,93,13,60,93,94,92,54,60,11,7,7,7,93,1,60,93,94,92,54,60,11,7,7,7,93,13,60,93,94,92,54,60,11,7,7,7,93,1,98,93,94,92,54,98,6,4,7,7,93,13,98,93,94,92,54,98,6,4,7,7,93,1,60,93,94,92,54,60,6,37,7,7,93,13,60,93,94,92,54,60,6,37,7,7,59,1,29,59,18,92,54,29,6,92,7,7,21,1,20,21,22,92,54,20,6,92,7,7,59,13,29,59,18,92,54,29,6,92,7,7,21,13,20,21,22,92,54,20,6,92,7,7,56,1,57,56,56,92,54,57,6,92,7,7,3600.0,154200.0
75,1,32,75,76,4,38,32,11,66,7,7,75,13,32,75,76,4,38,32,11,66,7,7,75,1,85,75,76,4,38,85,6,42,7,7,75,13,85,75,76,4,38,85,6,42,7,7,75,1,43,75,76,4,38,43,6,12,7,7,75,13,43,75,76,4,38,43,6,12,7,7,17,1,29,17,18,4,38,29,6,42,7,7,17,13,29,17,18,4,38,29,6,42,7,7,21,1,89,21,22,4,38,89,6,42,7,7,21,13,89,21,22,4,38,89,6,42,7,7,0,1,251,0,3,4,38,251,6,42,7,7,0,13,251,0,3,4,38,251,6,42,7,7,56,1,57,56,56,4,38,57,6,42,7,7,135180.0,272906.4
40,1,45,40,41,252,218,45,11,12,7,7,40,1,45,40,41,252,218,45,11,7,7,7,40,13,45,40,41,252,218,45,11,12,7,7,40,13,45,40,41,252,218,45,11,7,7,7,40,1,39,40,41,252,218,39,11,7,7,7,40,13,39,40,41,252,218,39,11,7,7,7,40,1,39,40,41,252,218,39,11,12,7,7,40,13,39,40,41,252,218,39,11,12,7,7,40,1,45,40,41,252,218,45,11,7,7,7,40,13,45,40,41,252,218,45,11,7,7,7,40,1,45,40,41,252,218,45,6,46,7,7,40,13,45,40,41,252,218,45,6,46,7,7,17,1,29,17,18,252,218,29,6,7,7,7,1621500.0,1463715.6
122,1,39,122,41,61,253,39,11,7,7,7,122,13,39,122,41,61,253,39,11,7,7,7,0,1,20,0,3,61,253,20,6,61,7,7,0,13,20,0,3,61,253,20,6,61,7,7,122,1,45,122,41,61,253,45,11,7,7,7,122,13,45,122,41,61,253,45,11,7,7,7,30,1,52,30,18,61,253,52,11,7,7,7,122,1,39,122,41,61,253,39,49,7,7,7,30,13,52,30,18,61,253,52,11,7,7,7,122,13,39,122,41,61,253,39,49,7,7,7,122,1,45,122,41,61,253,45,11,61,7,7,122,13,45,122,41,61,253,45,11,61,7,7,30,1,52,30,18,61,253,52,6,7,7,7,115200.0,333745.2
108,1,85,108,109,256,5,85,11,66,7,7,108,13,85,108,109,256,5,85,11,66,7,7,108,1,8,108,109,256,5,8,6,33,7,7,108,13,8,108,109,256,5,8,6,33,7,7,108,1,43,108,109,256,5,43,6,79,7,7,108,13,43,108,109,256,5,43,6,79,7,7,108,1,8,108,109,256,5,8,6,53,7,7,108,13,8,108,109,256,5,8,6,53,7,7,108,1,8,108,109,256,5,8,6,102,7,7,108,13,8,108,109,256,5,8,6,102,7,7,108,1,85,108,109,256,5,85,6,91,7,7,108,13,85,108,109,256,5,85,6,91,7,7,108,1,43,108,109,256,5,43,6,7,7,7,36180.0,244755.6
122,1,39,122,41,4,121,39,11,12,7,7,122,13,39,122,41,4,121,39,11,12,7,7,122,1,39,122,41,4,121,39,6,19,7,7,122,13,39,122,41,4,121,39,6,19,7,7,30,1,29,30,18,4,121,29,6,4,7,7,30,13,29,30,18,4,121,29,6,4,7,7,35,1,20,35,36,4,121,20,6,4,7,7,35,13,20,35,36,4,121,20,6,4,7,7,0,1,20,0,3,4,121,20,6,4,7,7,0,13,20,0,3,4,121,20,6,4,7,7,204,1,206,204,205,4,121,206,6,4,7,7,204,13,206,204,205,4,121,206,6,4,7,7,30,1,29,30,18,4,121,29,6,7,7,7,248280.0,355077.6
70,1,71,70,72,58,27,71,11,12,7,7,70,13,71,70,72,58,27,71,11,12,7,7,70,1,71,70,72,58,27,71,6,44,7,7,70,13,71,70,72,58,27,71,6,44,7,7,56,1,57,56,56,58,27,57,6,91,7,7,56,13,57,56,56,58,27,57,6,91,7,7,30,1,29,30,18,58,27,29,6,91,7,7,30,13,29,30,18,58,27,29,6,91,7,7,21,1,20,21,22,58,27,20,6,91,7,7,21,13,20,21,22,58,27,20,6,91,7,7,35,1,20,35,36,58,27,20,6,91,7,7,35,13,20,35,36,58,27,20,6,91,7,7,59,1,29,59,18,58,27,29,6,91,7,7,4500.0,67076.4
40,1,39,40,41,91,27,39,11,7,7,7,40,13,39,40,41,91,27,39,11,7,7,7,40,1,39,40,41,91,27,39,6,91,7,7,40,13,39,40,41,91,27,39,6,91,7,7,17,1,29,17,18,91,27,29,6,91,7,7,17,13,29,17,18,91,27,29,6,91,7,7,35,1,2,35,36,91,27,2,6,7,7,7,35,13,2,35,36,91,27,2,6,7,7,7,35,1,20,35,36,91,27,20,6,12,7,7,35,13,20,35,36,91,27,20,6,12,7,7,21,1,20,21,22,91,27,20,6,91,7,7,35,1,2,35,36,91,27,2,6,44,7,7,21,13,20,21,22,91,27,20,6,91,7,7,167160.0,246093.6
9,1,8,9,10,64,209,8,11,7,7,7,9,13,8,9,10,64,209,8,11,7,7,7,9,1,85,9,10,64,209,85,11,7,7,7,9,13,85,9,10,64,209,85,11,7,7,7,9,1,14,9,10,64,209,14,11,7,7,7,9,13,14,9,10,64,209,14,11,7,7,7,9,1,43,9,10,64,209,43,11,7,7,7,9,13,43,9,10,64,209,43,11,7,7,7,9,1,85,9,10,64,209,85,11,12,7,7,9,13,85,9,10,64,209,85,11,12,7,7,9,1,8,9,10,64,209,8,11,7,7,7,9,13,8,9,10,64,209,8,11,7,7,7,9,1,8,9,10,64,209,8,6,141,7,7,876660.0,944478.0
40,1,45,40,41,4,38,45,11,7,7,7,40,13,45,40,41,4,38,45,11,7,7,7,40,1,45,40,41,4,38,45,11,7,7,7,40,13,45,40,41,4,38,45,11,7,7,7,40,1,39,40,41,4,38,39,6,4,7,7,40,13,39,40,41,4,38,39,6,4,7,7,40,1,39,40,41,4,38,39,11,7,7,7,40,13,39,40,41,4,38,39,11,7,7,7,40,1,45,40,41,4,38,45,11,7,7,7,40,13,45,40,41,4,38,45,11,7,7,7,40,1,45,40,41,4,38,45,6,4,7,7,40,13,45,40,41,4,38,45,6,4,7,7,17,1,80,17,18,4,38,80,6,4,7,7,1378200.0,1316757.6
23,1,71,23,25,100,174,71,11,7,7,7,23,13,71,23,25,100,174,71,11,7,7,7,23,1,71,23,25,100,174,71,11,7,7,7,23,13,71,23,25,100,174,71,11,7,7,7,23,1,28,23,25,100,174,28,11,7,7,7,23,13,28,23,25,100,174,28,11,7,7,7,23,1,28,23,25,100,174,28,11,7,7,7,23,13,28,23,25,100,174,28,11,7,7,7,23,1,71,23,25,100,174,71,6,50,7,7,23,13,71,23,25,100,174,71,6,50,7,7,23,1,24,23,25,100,174,24,6,42,7,7,17,1,16,17,18,100,174,16,6,58,12,7,17,13,16,17,18,100,174,16,6,58,12,7,1456800.0,1281762.0
108,1,43,108,109,37,5,43,11,12,7,7,108,13,43,108,109,37,5,43,11,12,7,7,108,1,43,108,109,37,5,43,6,31,7,7,108,13,43,108,109,37,5,43,6,31,7,7,17,1,52,17,18,37,5,52,6,31,12,7,17,13,52,17,18,37,5,52,6,31,12,7,21,1,20,21,22,37,5,20,6,31,7,7,21,13,20,21,22,37,5,20,6,31,7,7,0,1,2,0,3,37,5,2,6,7,7,7,0,13,2,0,3,37,5,2,6,7,7,7,0,1,20,0,3,37,5,20,6,61,7,7,0,13,20,0,3,37,5,20,6,61,7,7,154,1,150,154,155,37,5,150,11,7,7,7,106440.0,152227.2
108,1,85,108,109,160,5,85,11,12,7,7,108,13,85,108,109,160,5,85,11,12,7,7,108,1,85,108,109,160,5,85,6,7,7,7,108,13,85,108,109,160,5,85,6,7,7,7,108,1,43,108,109,160,5,43,11,12,7,7,108,13,43,108,109,160,5,43,11,12,7,7,108,1,43,108,109,160,5,43,6,68,7,7,108,13,43,108,109,160,5,43,6,68,7,7,17,1,52,17,18,160,5,52,6,68,66,7,17,13,52,17,18,160,5,52,6,68,66,7,21,1,20,21,22,160,5,20,6,68,7,7,21,13,20,21,22,160,5,20,6,68,7,7,242,1,2,242,36,160,5,2,6,7,7,7,309000.0,420374.4
108,1,85,108,109,183,47,85,11,7,7,7,108,13,85,108,109,183,47,85,11,7,7,7,108,1,85,108,109,183,47,85,11,12,7,7,108,13,85,108,109,183,47,85,11,12,7,7,108,1,14,108,109,183,47,14,11,12,7,7,108,13,14,108,109,183,47,14,11,12,7,7,108,1,43,108,109,183,47,43,6,79,7,7,108,13,43,108,109,183,47,43,6,79,7,7,108,1,85,108,109,183,47,85,6,4,7,7,17,1,52,17,18,183,47,52,6,7,7,7,17,13,52,17,18,183,47,52,6,7,7,7,108,13,85,108,109,183,47,85,6,4,7,7,108,1,8,108,109,183,47,8,6,46,7,7,365940.0,438556.8
40,1,39,40,41,61,127,39,11,12,7,7,40,13,39,40,41,61,127,39,11,12,7,7,40,1,39,40,41,61,127,39,6,91,7,7,40,13,39,40,41,61,127,39,6,91,7,7,40,1,39,40,41,61,127,39,6,7,7,7,40,13,39,40,41,61,127,39,6,7,7,7,40,1,39,40,41,61,127,39,6,66,7,7,40,13,39,40,41,61,127,39,6,66,7,7,40,1,39,40,41,61,127,39,11,12,7,7,40,13,39,40,41,61,127,39,11,12,7,7,17,1,29,17,18,61,127,29,6,7,7,7,17,13,29,17,18,61,127,29,6,7,7,7,40,1,45,40,41,61,127,45,6,55,7,7,853680.0,729264.0
241,1,8,241,109,159,263,8,11,7,7,7,241,13,8,241,109,159,263,8,11,7,7,7,108,1,14,108,109,159,263,14,11,7,7,7,108,13,14,108,109,159,263,14,11,7,7,7,108,1,43,108,109,159,263,43,11,4,7,7,108,13,43,108,109,159,263,43,11,4,7,7,108,1,43,108,109,159,263,43,6,255,7,7,108,13,43,108,109,159,263,43,6,255,7,7,108,1,8,108,109,159,263,8,6,64,7,7,108,13,8,108,109,159,263,8,6,64,7,7,75,1,8,75,76,159,263,8,6,7,7,7,75,13,8,75,76,159,263,8,6,7,7,7,108,1,8,108,109,159,263,8,6,63,7,7,170160.0,268690.8
103,1,71,103,25,88,27,71,11,7,7,7,103,13,71,103,25,88,27,71,11,7,7,7,103,1,28,103,25,88,27,28,11,12,7,7,103,13,28,103,25,88,27,28,11,12,7,7,103,1,28,103,25,88,27,28,6,74,7,7,103,13,28,103,25,88,27,28,6,74,7,7,30,1,29,30,18,88,27,29,6,88,7,7,30,13,29,30,18,88,27,29,6,88,7,7,0,1,20,0,3,88,27,20,6,7,7,7,0,13,20,0,3,88,27,20,6,7,7,7,0,1,20,0,3,88,27,20,6,88,7,7,0,13,20,0,3,88,27,20,6,88,7,7,93,1,98,93,94,88,27,98,11,7,7,7,410520.0,309055.2
75,1,32,75,76,159,263,32,11,7,7,7,75,13,32,75,76,159,263,32,11,7,7,7,75,1,14,75,76,159,263,14,11,50,7,7,75,13,14,75,76,159,263,14,11,50,7,7,75,1,43,75,76,159,263,43,6,64,7,7,75,13,43,75,76,159,263,43,6,64,7,7,75,1,8,75,76,159,263,8,6,88,7,7,75,13,8,75,76,159,263,8,6,88,7,7,75,1,8,75,76,159,263,8,6,63,7,7,75,1,32,75,76,159,263,32,6,7,7,7,75,13,32,75,76,159,263,32,6,7,7,7,75,1,89,75,76,159,263,89,6,107,7,7,75,13,89,75,76,159,263,89,6,107,7,7,229860.0,546208.8
75,1,32,75,76,34,38,32,11,7,7,7,75,13,32,75,76,34,38,32,11,7,7,7,75,1,32,75,76,34,38,32,11,12,7,7,75,13,32,75,76,34,38,32,11,12,7,7,75,1,32,75,76,34,38,32,6,50,7,7,75,13,32,75,76,34,38,32,6,50,7,7,17,1,29,17,18,34,38,29,6,7,12,7,17,13,29,17,18,34,38,29,6,7,12,7,17,1,29,17,18,34,38,29,6,50,7,7,17,13,29,17,18,34,38,29,6,50,7,7,17,1,29,17,18,34,38,29,6,7,7,7,17,13,29,17,18,34,38,29,6,7,7,7,105,1,60,105,106,34,38,60,11,7,7,7,542340.0,526311.6
17,1,52,17,18,159,38,52,6,7,7,7,17,13,52,17,18,159,38,52,6,7,7,7,17,1,52,17,18,159,38,52,6,159,7,7,17,13,52,17,18,159,38,52,6,159,7,7,0,1,2,0,3,159,38,2,6,7,7,7,0,13,2,0,3,159,38,2,6,7,7,7,0,1,2,0,3,159,38,2,6,64,7,7,21,1,89,21,22,159,38,89,6,159,7,7,0,13,2,0,3,159,38,2,6,64,7,7,0,1,20,0,3,159,38,20,6,146,7,7,21,13,89,21,22,159,38,89,6,159,7,7,0,13,20,0,3,159,38,20,6,146,7,7,56,1,137,56,56,159,38,137,6,271,7,7,31200.0,163527.6
17,1,52,17,18,73,38,52,6,73,7,7,17,13,52,17,18,73,38,52,6,73,7,7,21,1,153,21,22,73,38,153,6,248,7,7,21,13,153,21,22,73,38,153,6,248,7,7,21,1,2,21,22,73,38,2,6,272,7,7,21,13,2,21,22,73,38,2,6,272,7,7,0,1,2,0,3,73,38,2,6,7,7,7,0,1,2,0,3,73,38,2,6,7,7,7,0,13,2,0,3,73,38,2,6,7,7,7,0,13,2,0,3,73,38,2,6,7,7,7,35,1,20,35,36,73,38,20,6,73,7,7,35,13,20,35,36,73,38,20,6,73,7,7,0,1,20,0,3,73,38,20,6,73,7,7,854460.0,696439.2
17,1,29,17,18,273,144,29,6,7,7,7,17,13,29,17,18,273,144,29,6,7,7,7,17,1,29,17,18,273,144,29,6,7,7,7,17,13,29,17,18,273,144,29,6,7,7,7,17,1,29,17,18,273,144,29,6,274,7,7,17,13,29,17,18,273,144,29,6,274,7,7,0,1,2,0,3,273,144,2,6,7,7,7,0,13,2,0,3,273,144,2,6,7,7,7,21,1,20,21,22,273,144,20,6,274,7,7,21,13,20,21,22,273,144,20,6,274,7,7,0,1,20,0,3,273,144,20,6,274,7,7,0,13,20,0,3,273,144,20,6,274,7,7,59,1,29,59,18,273,144,29,6,7,7,7,113100.0,353694.0
122,1,39,122,142,73,96,39,11,7,7,7,122,13,39,122,142,73,96,39,11,7,7,7,122,1,39,122,142,73,96,39,11,7,7,7,122,13,39,122,142,73,96,39,11,7,7,7,122,1,39,122,142,73,96,39,49,7,7,7,122,13,39,122,142,73,96,39,49,7,7,7,122,1,39,122,142,73,96,39,6,7,7,7,122,1,148,122,142,73,96,148,6,88,7,7,122,13,39,122,142,73,96,39,6,7,7,7,122,1,39,122,142,73,96,39,6,107,7,7,122,13,39,122,142,73,96,39,6,107,7,7,122,13,148,122,142,73,96,148,6,88,7,7,122,1,147,122,142,73,96,147,6,51,7,7,2709300.0,3053558.4
154,1,153,154,155,152,5,153,6,68,7,7,154,13,153,154,155,152,5,153,6,68,7,7,118,1,119,118,120,152,5,119,11,7,7,7,118,13,119,118,120,152,5,119,11,7,7,7,151,1,98,151,94,152,5,98,6,7,7,7,151,13,98,151,94,152,5,98,6,7,7,7,151,1,98,151,94,152,5,98,6,7,7,7,0,1,2,0,3,152,5,2,6,7,7,7,0,1,20,0,3,152,5,20,6,7,7,7,151,13,98,151,94,152,5,98,6,7,7,7,0,13,2,0,3,152,5,2,6,7,7,7,0,13,20,0,3,152,5,20,6,7,7,7,151,1,98,151,94,152,5,98,6,7,7,7,4990680.0,4583552.4
0,1,2,0,3,159,5,2,6,7,7,7,0,13,2,0,3,159,5,2,6,7,7,7,154,1,150,154,155,159,5,150,11,7,7,7,154,13,150,154,155,159,5,150,11,7,7,7,154,1,119,154,155,159,5,119,11,66,7,7,154,13,119,154,155,159,5,119,11,66,7,7,154,1,153,154,155,159,5,153,6,160,7,7,154,13,153,154,155,159,5,153,6,160,7,7,154,1,150,154,155,159,5,150,6,97,7,7,154,13,150,154,155,159,5,150,6,97,7,7,154,1,119,154,155,159,5,119,6,4,7,7,154,13,119,154,155,159,5,119,6,4,7,7,154,1,153,154,155,159,5,153,6,33,7,7,3993300.0,4062708.0
9,1,14,9,10,169,170,14,11,12,7,7,9,13,14,9,10,169,170,14,11,12,7,7,17,1,29,17,18,169,170,29,6,7,7,7,9,1,14,9,10,169,170,14,6,15,7,7,9,13,14,9,10,169,170,14,6,15,7,7,17,13,29,17,18,169,170,29,6,7,7,7,9,1,32,9,10,169,170,32,6,88,7,7,9,13,32,9,10,169,170,32,6,88,7,7,9,1,32,9,10,169,170,32,11,66,7,7,9,13,32,9,10,169,170,32,11,66,7,7,9,1,32,9,10,169,170,32,6,141,7,7,9,13,32,9,10,169,170,32,6,141,7,7,9,1,85,9,10,169,170,85,6,58,7,7,3173460.0,3253099.2
70,1,71,70,72,63,5,71,11,7,7,7,70,13,71,70,72,63,5,71,11,7,7,7,70,1,28,70,72,63,5,28,11,7,7,7,70,13,28,70,72,63,5,28,11,7,7,7,70,1,71,70,72,63,5,71,11,7,7,7,70,13,71,70,72,63,5,71,11,7,7,7,70,1,71,70,72,63,5,71,6,66,7,7,70,13,71,70,72,63,5,71,6,66,7,7,70,1,24,70,72,63,5,24,11,66,7,7,70,13,24,70,72,63,5,24,11,66,7,7,70,1,28,70,72,63,5,28,6,12,7,7,70,13,28,70,72,63,5,28,6,12,7,7,70,1,71,70,72,63,5,71,6,102,7,7,3239220.0,3266715.6
9,1,14,9,10,149,170,14,11,7,7,7,9,13,14,9,10,149,170,14,11,7,7,7,9,1,43,9,10,149,170,43,6,181,7,7,9,13,43,9,10,149,170,43,6,181,7,7,17,1,29,17,18,149,170,29,6,7,7,7,9,1,8,9,10,149,170,8,6,7,7,7,9,1,8,9,10,149,170,8,6,97,7,7,9,13,8,9,10,149,170,8,6,7,7,7,9,13,8,9,10,149,170,8,6,97,7,7,17,13,29,17,18,149,170,29,6,7,7,7,9,1,8,9,10,149,170,8,6,115,7,7,9,1,32,9,10,149,170,32,6,97,7,7,9,13,32,9,10,149,170,32,6,97,7,7,3294000.0,3496999.2
75,1,32,75,76,201,27,32,49,7,7,7,75,1,32,75,76,201,27,32,11,7,7,7,75,13,32,75,76,201,27,32,49,7,7,7,75,13,32,75,76,201,27,32,11,7,7,7,75,1,32,75,76,201,27,32,11,12,7,7,75,13,32,75,76,201,27,32,11,12,7,7,75,1,32,75,76,201,27,32,6,55,7,7,17,1,29,17,18,201,27,29,6,107,7,7,17,13,29,17,18,201,27,29,6,107,7,7,75,13,32,75,76,201,27,32,6,55,7,7,75,1,43,75,76,201,27,43,6,115,7,7,75,13,43,75,76,201,27,43,6,115,7,7,75,1,32,75,76,201,27,32,6,115,7,7,4435800.0,4109246.4
30,1,52,30,18,126,203,52,6,7,7,7,30,13,52,30,18,126,203,52,6,7,7,7,30,1,52,30,18,126,203,52,6,128,12,7,30,13,52,30,18,126,203,52,6,128,12,7,204,1,133,204,205,126,203,133,6,7,7,7,204,13,133,204,205,126,203,133,6,7,7,7,204,1,206,204,205,126,203,206,6,7,7,7,204,13,206,204,205,126,203,206,6,7,7,7,204,1,133,204,205,126,203,133,6,7,7,7,204,13,133,204,205,126,203,133,6,7,7,7,30,1,52,30,18,126,203,52,6,7,7,7,30,1,52,30,18,126,203,52,6,7,7,7,30,13,52,30,18,126,203,52,6,7,7,7,4413180.0,3886384.8
17,1,16,17,18,63,207,16,11,7,7,7,17,13,16,17,18,63,207,16,11,7,7,7,17,1,16,17,18,63,207,16,11,7,7,7,70,1,24,70,72,63,207,24,11,7,7,7,17,13,16,17,18,63,207,16,11,7,7,7,70,13,24,70,72,63,207,24,11,7,7,7,70,1,24,70,72,63,207,24,11,7,7,7,70,13,24,70,72,63,207,24,11,7,7,7,70,1,24,70,72,63,207,24,11,7,7,7,70,13,24,70,72,63,207,24,11,7,7,7,70,1,24,70,72,63,207,24,11,12,7,7,70,13,24,70,72,63,207,24,11,12,7,7,17,1,16,17,18,63,207,16,11,7,7,7,2496600.0,2579259.6
17,1,29,17,18,208,209,29,6,210,7,7,17,13,29,17,18,208,209,29,6,210,7,7,9,1,14,9,10,208,209,14,6,68,7,7,9,13,14,9,10,208,209,14,6,68,7,7,17,1,29,17,18,208,209,29,6,211,7,7,17,13,29,17,18,208,209,29,6,211,7,7,17,1,29,17,18,208,209,29,6,7,50,7,17,13,29,17,18,208,209,29,6,7,50,7,21,1,20,21,22,208,209,20,6,4,7,7,21,1,2,21,22,208,209,2,6,81,7,7,21,13,20,21,22,208,209,20,6,4,7,7,21,13,2,21,22,208,209,2,6,81,7,7,154,1,153,154,155,208,209,153,11,7,7,7,4344600.0,4036894.8
9,1,32,9,10,212,65,32,11,7,7,7,9,13,32,9,10,212,65,32,11,7,7,7,9,1,43,9,10,212,65,43,11,7,7,7,9,13,43,9,10,212,65,43,11,7,7,7,9,1,43,9,10,212,65,43,6,4,7,7,9,13,43,9,10,212,65,43,6,4,7,7,9,1,32,9,10,212,65,32,6,53,7,7,9,13,32,9,10,212,65,32,6,53,7,7,9,1,14,9,10,212,65,14,11,12,7,7,9,1,14,9,10,212,65,14,6,7,7,7,9,13,14,9,10,212,65,14,6,7,7,7,17,1,29,17,18,212,65,29,6,199,7,7,9,13,14,9,10,212,65,14,11,12,7,7,3859860.0,3599846.4
108,1,8,108,109,63,110,8,11,12,7,7,108,13,8,108,109,63,110,8,11,12,7,7,108,1,8,108,109,63,110,8,6,91,7,7,108,13,8,108,109,63,110,8,6,91,7,7,17,1,80,17,18,63,110,80,6,91,12,7,17,13,80,17,18,63,110,80,6,91,12,7,21,1,2,21,22,63,110,2,6,91,7,7,21,13,2,21,22,63,110,2,6,91,7,7,215,1,214,215,216,63,110,214,6,91,7,7,0,1,98,0,3,63,110,98,6,91,7,7,0,13,98,0,3,63,110,98,6,91,7,7,215,13,214,215,216,63,110,214,6,91,7,7,173,1,80,173,18,63,110,80,6,19,50,7,2809140.0,3124101.6
108,1,85,108,109,63,110,85,11,34,7,7,108,13,85,108,109,63,110,85,11,34,7,7,108,1,85,108,109,63,110,85,6,19,7,7,108,13,85,108,109,63,110,85,6,19,7,7,108,1,85,108,109,63,110,85,11,7,7,7,108,13,85,108,109,63,110,85,11,7,7,7,108,1,43,108,109,63,110,43,11,12,7,7,108,13,43,108,109,63,110,43,11,12,7,7,108,1,43,108,109,63,110,43,6,42,7,7,108,13,43,108,109,63,110,43,6,42,7,7,108,1,85,108,109,63,110,85,6,107,7,7,108,13,85,108,109,63,110,85,6,107,7,7,17,1,16,17,18,63,110,16,6,63,7,7,2860200.0,3172360.8
122,1,45,122,142,73,230,45,6,88,7,7,122,13,45,122,142,73,230,45,6,88,7,7,122,1,8,122,142,73,230,8,6,231,7,7,122,13,8,122,142,73,230,8,6,231,7,7,122,1,32,122,142,73,230,32,6,115,7,7,122,13,32,122,142,73,230,32,6,115,7,7,30,1,52,30,18,73,230,52,6,73,7,7,30,13,52,30,18,73,230,52,6,73,7,7,122,1,45,122,41,73,230,45,11,7,7,7,122,13,45,122,41,73,230,45,11,7,7,7,122,1,39,122,41,73,230,39,11,12,7,7,122,13,39,122,41,73,230,39,11,12,7,7,122,1,39,122,41,73,230,39,6,7,7,7,2991060.0,3280710.0
9,1,14,9,10,63,110,14,11,7,7,7,9,13,14,9,10,63,110,14,11,7,7,7,9,1,32,9,10,63,110,32,11,12,7,7,9,13,32,9,10,63,110,32,11,12,7,7,9,1,32,9,10,63,110,32,49,7,7,7,9,13,32,9,10,63,110,32,49,7,7,7,9,1,8,9,10,63,110,8,11,7,7,7,9,13,8,9,10,63,110,8,11,7,7,7,9,1,8,9,10,63,110,8,6,91,7,7,9,13,8,9,10,63,110,8,6,91,7,7,17,1,80,17,18,63,110,80,6,91,12,7,17,13,80,17,18,63,110,80,6,91,12,7,21,1,98,21,22,63,110,98,6,91,7,7,3503280.0,3371554.8
75,1,43,75,76,233,38,43,11,7,7,7,75,13,43,75,76,233,38,43,11,7,7,7,75,1,43,75,76,233,38,43,11,12,7,7,75,13,43,75,76,233,38,43,11,12,7,7,75,1,43,75,76,233,38,43,6,50,7,7,75,13,43,75,76,233,38,43,6,50,7,7,75,1,32,75,76,233,38,32,6,102,7,7,75,13,32,75,76,233,38,32,6,102,7,7,75,1,43,75,76,233,38,43,6,92,7,7,75,13,43,75,76,233,38,43,6,92,7,7,75,1,71,75,76,233,38,71,6,58,7,7,75,13,71,75,76,233,38,71,6,58,7,7,17,1,29,17,18,233,38,29,6,7,7,7,4515480.0,3988664.4
75,1,32,75,76,152,38,32,11,7,7,7,75,13,32,75,76,152,38,32,11,7,7,7,75,1,32,75,76,152,38,32,11,50,7,7,75,13,32,75,76,152,38,32,11,50,7,7,75,1,14,75,76,152,38,14,11,66,7,7,17,1,29,17,18,152,38,29,6,7,7,7,17,13,29,17,18,152,38,29,6,7,7,7,75,13,14,75,76,152,38,14,11,66,7,7,17,1,29,17,18,152,38,29,6,7,7,7,17,13,29,17,18,152,38,29,6,7,7,7,75,1,14,75,76,152,38,14,11,50,7,7,75,13,14,75,76,152,38,14,11,50,7,7,75,1,45,75,76,152,38,45,6,69,7,7,2939040.0,3154563.6
70,1,24,70,72,181,5,24,11,7,7,7,70,13,24,70,72,181,5,24,11,7,7,7,70,1,71,70,72,181,5,71,11,7,7,7,70,13,71,70,72,181,5,71,11,7,7,7,70,1,28,70,72,181,5,28,11,7,7,7,70,13,28,70,72,181,5,28,11,7,7,7,70,1,71,70,72,181,5,71,6,51,7,7,70,13,71,70,72,181,5,71,6,51,7,7,70,1,71,70,72,181,5,71,6,31,7,7,70,13,71,70,72,181,5,71,6,31,7,7,70,1,71,70,72,181,5,71,6,42,7,7,70,13,71,70,72,181,5,71,6,42,7,7,17,1,80,17,18,181,5,80,6,140,7,7,2957640.0,3200550.0
9,1,8,9,10,79,5,8,11,7,7,7,9,13,8,9,10,79,5,8,11,7,7,7,9,1,8,9,10,79,5,8,11,12,7,7,9,13,8,9,10,79,5,8,11,12,7,7,9,1,8,9,10,79,5,8,6,50,7,7,9,13,8,9,10,79,5,8,6,50,7,7,9,1,43,9,10,79,5,43,6,167,7,7,9,13,43,9,10,79,5,43,6,167,7,7,17,1,16,17,18,79,5,16,6,92,12,7,17,13,16,17,18,79,5,16,6,92,12,7,17,1,16,17,18,79,5,16,6,7,12,7,17,13,16,17,18,79,5,16,6,7,12,7,21,1,20,21,22,79,5,20,6,92,7,7,2687580.0,3044785.2
108,1,32,108,109,158,47,32,11,7,7,7,108,13,32,108,109,158,47,32,11,7,7,7,108,1,85,108,109,158,47,85,11,7,7,7,108,13,85,108,109,158,47,85,11,7,7,7,108,1,43,108,109,158,47,43,11,7,7,7,108,13,43,108,109,158,47,43,11,7,7,7,108,1,85,108,109,158,47,85,11,50,7,7,108,13,85,108,109,158,47,85,11,50,7,7,108,1,14,108,109,158,47,14,11,12,7,7,108,13,14,108,109,158,47,14,11,12,7,7,108,1,85,108,109,158,47,85,11,107,7,7,17,1,80,17,18,158,47,80,6,7,7,7,17,13,80,17,18,158,47,80,6,7,7,7,2386680.0,2926179.6
9,1,14,9,10,180,5,14,11,7,7,7,9,13,14,9,10,180,5,14,11,7,7,7,108,1,85,108,109,180,5,85,11,12,7,7,108,13,85,108,109,180,5,85,11,12,7,7,9,1,8,9,10,180,5,8,11,7,7,7,9,13,8,9,10,180,5,8,11,7,7,7,9,1,8,9,10,180,5,8,6,66,7,7,9,13,8,9,10,180,5,8,6,66,7,7,9,1,8,9,10,180,5,8,11,7,7,7,9,13,8,9,10,180,5,8,11,7,7,7,9,1,8,9,10,180,5,8,6,69,7,7,9,13,8,9,10,180,5,8,6,69,7,7,108,1,45,108,109,180,5,45,6,7,7,7,4765380.0,4331760.0
243,1,24,243,72,244,245,24,11,7,7,7,243,13,24,243,72,244,245,24,11,7,7,7,243,1,71,243,72,244,245,71,11,12,7,7,243,13,71,243,72,244,245,71,11,12,7,7,243,1,71,243,72,244,245,71,6,91,7,7,243,13,71,243,72,244,245,71,6,91,7,7,243,1,24,243,72,244,245,24,6,102,7,7,243,13,24,243,72,244,245,24,6,102,7,7,243,1,24,243,72,244,245,24,6,61,7,7,243,13,24,243,72,244,245,24,6,61,7,7,243,1,71,243,72,244,245,71,6,61,7,7,243,13,71,243,72,244,245,71,6,61,7,7,243,1,8,243,72,244,245,8,6,175,7,7,2052840.0,2615286.0
9,1,14,9,10,79,5,14,11,7,7,7,9,13,14,9,10,79,5,14,11,7,7,7,9,1,8,9,10,79,5,8,11,66,7,7,9,13,8,9,10,79,5,8,11,66,7,7,9,1,8,9,10,79,5,8,6,195,7,7,9,13,8,9,10,79,5,8,6,195,7,7,17,1,52,17,18,79,5,52,6,7,7,7,17,13,52,17,18,79,5,52,6,7,7,7,9,1,14,9,10,79,5,14,6,107,7,7,9,13,14,9,10,79,5,14,6,107,7,7,17,1,52,17,18,79,5,52,6,247,12,7,17,13,52,17,18,79,5,52,6,247,12,7,21,1,20,21,22,79,5,20,6,247,7,7,3105960.0,3167031.6
243,1,24,243,72,250,218,24,11,12,7,7,243,13,24,243,72,250,218,24,11,12,7,7,243,1,71,243,72,250,218,71,11,7,7,7,243,13,71,243,72,250,218,71,11,7,7,7,243,1,71,243,72,250,218,71,6,44,7,7,243,13,71,243,72,250,218,71,6,44,7,7,17,1,52,17,18,250,218,52,6,7,7,7,243,1,28,243,72,250,218,28,6,4,7,7,17,13,52,17,18,250,218,52,6,7,7,7,243,13,28,243,72,250,218,28,6,4,7,7,243,1,24,243,72,250,218,24,6,61,7,7,243,13,24,243,72,250,218,24,6,61,7,7,243,1,71,243,72,250,218,71,6,12,7,7,3089820.0,3053247.6
23,1,28,23,25,100,165,28,11,12,7,7,23,1,28,23,25,100,165,28,49,7,7,7,23,13,28,23,25,100,165,28,49,7,7,7,23,13,28,23,25,100,165,28,11,12,7,7,23,1,28,23,25,100,165,28,6,50,7,7,23,13,28,23,25,100,165,28,6,50,7,7,23,1,8,23,25,100,165,8,6,46,7,7,23,13,8,23,25,100,165,8,6,46,7,7,23,1,28,23,25,100,165,28,6,19,7,7,17,1,52,17,18,100,165,52,11,7,7,7,23,13,28,23,25,100,165,28,6,19,7,7,17,13,52,17,18,100,165,52,11,7,7,7,23,1,71,23,25,100,165,71,11,7,7,7,3413160.0,3262891.2
40,1,39,40,41,19,38,39,11,7,7,7,40,13,39,40,41,19,38,39,11,7,7,7,40,1,39,40,41,19,38,39,49,7,7,7,40,13,39,40,41,19,38,39,49,7,7,7,40,1,39,40,41,19,38,39,11,12,7,7,40,13,39,40,41,19,38,39,11,12,7,7,40,1,39,40,41,19,38,39,49,7,7,7,40,13,39,40,41,19,38,39,49,7,7,7,40,1,39,40,41,19,38,39,6,15,7,7,40,13,39,40,41,19,38,39,6,15,7,7,40,1,39,40,41,19,38,39,6,19,7,7,40,13,39,40,41,19,38,39,6,19,7,7,17,1,29,17,18,19,38,29,6,19,7,7,2231520.0,2642292.0
9,1,43,9,10,254,5,43,11,7,7,7,9,13,43,9,10,254,5,43,11,7,7,7,9,1,43,9,10,254,5,43,11,7,7,7,9,13,43,9,10,254,5,43,11,7,7,7,9,1,85,9,10,254,5,85,6,19,7,7,17,1,16,17,18,254,5,16,11,7,7,7,17,13,16,17,18,254,5,16,11,7,7,7,9,13,85,9,10,254,5,85,6,19,7,7,9,1,32,9,10,254,5,32,6,115,7,7,9,1,8,9,10,254,5,8,6,83,7,7,9,13,32,9,10,254,5,32,6,115,7,7,9,1,32,9,10,254,5,32,6,255,7,7,9,13,32,9,10,254,5,32,6,255,7,7,3981720.0,3896768.4
108,1,85,108,109,146,5,85,11,12,7,7,108,1,85,108,109,146,5,85,6,91,7,7,108,13,85,108,109,146,5,85,11,12,7,7,108,13,85,108,109,146,5,85,6,91,7,7,108,1,8,108,109,146,5,8,6,140,7,7,9,1,8,9,10,146,5,8,11,7,7,7,9,13,8,9,10,146,5,8,11,7,7,7,108,13,8,108,109,146,5,8,6,140,7,7,108,1,14,108,109,146,5,14,6,58,7,7,108,13,14,108,109,146,5,14,6,58,7,7,108,1,8,108,109,146,5,8,6,64,7,7,108,13,8,108,109,146,5,8,6,64,7,7,9,1,71,9,10,146,5,71,6,195,7,7,4466460.0,4294958.4
23,1,28,23,25,160,258,28,11,7,7,7,23,1,28,23,25,160,258,28,49,7,7,7,23,13,28,23,25,160,258,28,49,7,7,7,23,13,28,23,25,160,258,28,11,7,7,7,23,1,28,23,25,160,258,28,11,12,7,7,23,13,28,23,25,160,258,28,11,12,7,7,23,1,28,23,25,160,258,28,11,7,7,7,23,13,28,23,25,160,258,28,11,7,7,7,23,1,28,23,25,160,258,28,11,12,7,7,23,1,28,23,25,160,258,28,6,42,7,7,23,13,28,23,25,160,258,28,11,12,7,7,23,13,28,23,25,160,258,28,6,42,7,7,23,1,71,23,25,160,258,71,6,69,7,7,3062940.0,3130294.8
122,1,45,122,41,91,269,45,11,7,7,7,122,1,45,122,41,91,269,45,6,102,7,7,122,13,45,122,41,91,269,45,11,7,7,7,122,13,45,122,41,91,269,45,6,102,7,7,122,1,39,122,41,91,269,39,6,102,7,7,122,13,39,122,41,91,269,39,6,102,7,7,122,1,39,122,41,91,269,39,11,12,7,7,122,13,39,122,41,91,269,39,11,12,7,7,122,1,39,122,41,91,269,39,6,44,7,7,122,13,39,122,41,91,269,39,6,44,7,7,30,1,16,30,18,91,269,16,6,91,7,7,30,13,16,30,18,91,269,16,6,91,7,7,266,1,267,266,268,91,269,267,6,91,7,7,3715500.0,3557052.0
9,1,43,9,10,270,162,43,11,7,7,7,9,13,43,9,10,270,162,43,11,7,7,7,9,1,8,9,10,270,162,8,11,66,7,7,9,13,8,9,10,270,162,8,11,66,7,7,17,1,29,17,18,270,162,29,6,7,7,7,9,1,14,9,10,270,162,14,11,19,7,7,17,13,29,17,18,270,162,29,6,7,7,7,9,13,14,9,10,270,162,14,11,19,7,7,9,1,43,9,10,270,162,43,6,107,7,7,9,13,43,9,10,270,162,43,6,107,7,7,9,1,8,9,10,270,162,8,6,58,7,7,9,13,8,9,10,270,162,8,6,58,7,7,17,1,29,17,18,270,162,29,6,7,7,7,2570640.0,3201510.0
0,1,20,0,3,149,5,20,6,42,7,7,0,13,20,0,3,149,5,20,6,42,7,7,118,1,150,118,120,149,5,150,11,7,7,7,118,13,150,118,120,149,5,150,11,7,7,7,118,1,150,118,120,149,5,150,6,66,7,7,118,13,150,118,120,149,5,150,6,66,7,7,118,1,119,118,120,149,5,119,6,91,7,7,118,13,119,118,120,149,5,119,6,91,7,7,59,1,16,59,18,149,5,16,6,7,7,7,59,13,16,59,18,149,5,16,6,7,7,7,59,1,16,59,18,149,5,16,6,7,7,7,59,13,16,59,18,149,5,16,6,7,7,7,59,1,16,59,18,149,5,16,6,7,34,7,6200100.0,6347280.0
108,1,8,108,109,157,5,8,11,66,7,7,108,13,8,108,109,157,5,8,11,66,7,7,108,1,8,108,109,157,5,8,6,15,7,7,108,13,8,108,109,157,5,8,6,15,7,7,108,1,85,108,109,157,5,85,49,7,7,7,108,13,85,108,109,157,5,85,49,7,7,7,108,1,8,108,109,157,5,8,11,7,7,7,108,13,8,108,109,157,5,8,11,7,7,7,108,1,8,108,109,157,5,8,6,112,7,7,9,1,8,9,10,157,5,8,11,7,7,7,9,13,8,9,10,157,5,8,11,7,7,7,108,13,8,108,109,157,5,8,6,112,7,7,108,1,85,108,109,157,5,85,6,15,7,7,6137400.0,6308265.6
70,1,24,70,72,31,5,24,6,66,7,7,70,13,24,70,72,31,5,24,6,66,7,7,151,1,60,151,94,31,5,60,6,7,7,7,151,13,60,151,94,31,5,60,6,7,7,7,56,1,57,56,56,31,5,57,6,107,7,7,56,1,57,56,56,31,5,57,6,7,7,7,56,13,57,56,56,31,5,57,6,107,7,7,56,13,57,56,56,31,5,57,6,7,7,7,59,1,52,59,18,31,5,52,6,107,7,7,59,13,52,59,18,31,5,52,6,107,7,7,17,1,52,17,18,31,5,52,6,7,7,7,17,13,52,17,18,31,5,52,6,7,7,7,17,1,52,17,18,31,5,52,6,42,7,7,7083600.0,6838059.6
0,1,2,0,3,168,5,2,6,7,7,7,0,13,2,0,3,168,5,2,6,7,7,7,0,1,20,0,3,168,5,20,6,78,7,7,0,1,2,0,3,168,5,2,6,7,7,7,0,13,2,0,3,168,5,2,6,7,7,7,0,1,2,0,3,168,5,2,6,7,7,7,0,13,20,0,3,168,5,20,6,78,7,7,0,1,20,0,3,168,5,20,6,7,7,7,0,13,20,0,3,168,5,20,6,7,7,7,118,1,153,118,120,168,5,153,11,7,7,7,0,13,2,0,3,168,5,2,6,7,7,7,118,13,153,118,120,168,5,153,11,7,7,7,118,1,153,118,120,168,5,153,11,7,7,7,7498080.0,7228122.0
151,1,98,151,94,197,5,98,6,7,7,7,151,13,98,151,94,197,5,98,6,7,7,7,21,1,98,21,22,197,5,98,6,184,7,7,21,13,98,21,22,197,5,98,6,184,7,7,198,1,98,198,120,197,5,98,6,7,7,7,198,13,98,198,120,197,5,98,6,7,7,7,151,1,98,151,94,197,5,98,6,7,7,7,151,13,98,151,94,197,5,98,6,7,7,7,21,1,98,21,22,197,5,98,6,199,7,7,21,13,98,21,22,197,5,98,6,199,7,7,0,1,2,0,3,197,5,2,6,7,7,7,0,13,2,0,3,197,5,2,6,7,7,7,0,1,2,0,3,197,5,2,6,7,7,7,6026880.0,6222518.4
70,1,71,70,72,232,144,71,11,7,7,7,70,13,71,70,72,232,144,71,11,7,7,7,70,1,71,70,72,232,144,71,6,66,7,7,70,13,71,70,72,232,144,71,6,66,7,7,70,1,24,70,72,232,144,24,6,37,7,7,70,13,24,70,72,232,144,24,6,37,7,7,70,1,32,70,72,232,144,32,6,31,7,7,70,13,32,70,72,232,144,32,6,31,7,7,70,1,71,70,72,232,144,71,6,34,7,7,70,13,71,70,72,232,144,71,6,34,7,7,70,1,24,70,72,232,144,24,11,12,7,7,70,13,24,70,72,232,144,24,11,12,7,7,70,1,24,70,72,232,144,24,6,12,7,7,6066660.0,6393417.6
17,1,16,17,18,237,5,16,6,7,7,7,17,13,16,17,18,237,5,16,6,7,7,7,108,1,85,108,109,237,5,85,11,7,7,7,108,13,85,108,109,237,5,85,11,7,7,7,108,1,8,108,109,237,5,8,6,238,7,7,108,13,8,108,109,237,5,8,6,238,7,7,108,1,85,108,109,237,5,85,6,78,7,7,17,1,16,17,18,237,5,16,11,7,7,7,108,13,85,108,109,237,5,85,6,78,7,7,108,1,85,108,109,237,5,85,11,12,7,7,17,13,16,17,18,237,5,16,11,7,7,7,17,1,52,17,18,237,5,52,6,237,7,7,17,13,52,17,18,237,5,52,6,237,7,7,7285200.0,6885109.2
9,1,14,9,10,161,162,14,11,7,7,7,9,13,14,9,10,161,162,14,11,7,7,7,9,1,32,9,10,161,162,32,11,66,7,7,9,13,32,9,10,161,162,32,11,66,7,7,9,1,32,9,10,161,162,32,6,61,7,7,9,13,32,9,10,161,162,32,6,61,7,7,9,1,14,9,10,161,162,14,6,88,7,7,17,1,29,17,18,161,162,29,6,7,7,7,17,13,29,17,18,161,162,29,6,7,7,7,9,13,14,9,10,161,162,14,6,88,7,7,9,1,43,9,10,161,162,43,6,79,7,7,9,13,43,9,10,161,162,43,6,79,7,7,9,1,43,9,10,161,162,43,6,79,7,7,7149600.0,7009100.4
